sample_id,record_id,source_group_id,surface_group_id,target_liquid_id,solid_family,v4_split,n_probes,outer_fold,theta_observed_deg,theta_pred_deg,physics_prediction,neural_prediction,xgboost_prediction,random_forest_prediction,xgboost_direct_prediction,random_forest_direct_prediction,ensemble_std_deg,aleatoric_sigma_deg,residual_shift_cosine,raw_ood_distance,unknown_category,config_key,expert_set,fixed_epochs,weight_physics,weight_neural,weight_xgboost,weight_random_forest
PA_CA0143,CA0143,SRC019,SFC_158AAEDEF9ED,LIQ_0F4168490E,polymer,train,2,0,76.3,94.86153863425639,93.4878,97.8556,95.544859568278,93.45484633949955,96.06971486409505,91.70793975865297,0.770591583396816,10.54066,-0.07571395,0.9186365604400635,no,delta0.25_balanced_rp0.05,physics+neural,10,0.6854849782893631,0.314515021710637,0.0,0.0
PA_CA0144,CA0144,SRC019,SFC_158AAEDEF9ED,LIQ_6656B41AB7,polymer,train,2,0,41.7,89.04518518574586,89.16001,88.79492,52.84922536214193,65.8793710236681,61.858734130859375,53.66399814343443,0.6082885366769979,10.295018,0.0063559595,1.6026036739349365,no,delta0.25_balanced_rp0.05,physics+neural,10,0.6854849782893631,0.314515021710637,0.0,0.0
PA_CA0145,CA0145,SRC019,SFC_158AAEDEF9ED,LIQ_53310FAFB3,polymer,train,2,0,58.2,37.244377829163945,36.62857,38.58653,43.06863307952881,40.347568794116604,51.052408854166664,55.60813544249282,0.9350494986478222,10.338967,-0.021912063,1.5311509370803833,no,delta0.25_balanced_rp0.05,physics+neural,10,0.6854849782893631,0.314515021710637,0.0,0.0
PA_CA0146,CA0146,SRC019,SFC_2B64446C7017,LIQ_0F4168490E,polymer,train,2,0,82.7,91.14930865689327,90.15057,93.32605,90.76756994922955,89.37229237970617,91.99259694417317,86.89229572313089,0.8738363648022802,10.444518,-0.055310708,1.0171419382095337,no,delta0.25_balanced_rp0.05,physics+neural,10,0.6854849782893631,0.314515021710637,0.0,0.0
PA_CA0147,CA0147,SRC019,SFC_2B64446C7017,LIQ_6656B41AB7,polymer,train,2,0,37.7,61.38797599859803,61.815624,60.455917,59.057980378468834,58.26620239994981,57.79255930582682,51.15465310731611,0.6183948135016594,10.180255,0.02048961,0.586789608001709,no,delta0.25_balanced_rp0.05,physics+neural,10,0.6854849782893631,0.314515021710637,0.0,0.0
PA_CA0148,CA0148,SRC019,SFC_2B64446C7017,LIQ_53310FAFB3,polymer,train,2,0,53.3,44.14469832890078,44.136333,44.16293,49.46640237172445,46.37080850105277,52.939961751302086,56.87724274871055,0.879624163636989,10.247124,-0.0011752471,1.418805480003357,no,delta0.25_balanced_rp0.05,physics+neural,10,0.6854849782893631,0.314515021710637,0.0,0.0
PA_CA0149,CA0149,SRC019,SFC_DE2A842947A3,LIQ_0F4168490E,polymer,train,2,0,72.3,87.24861401427623,86.246796,89.432076,83.61622134844463,84.16858523846076,85.41458638509114,79.81531080015158,0.8775676414814425,10.442822,-0.05554692,1.0289843082427979,no,delta0.25_balanced_rp0.05,physics+neural,10,0.6854849782893631,0.314515021710637,0.0,0.0
PA_CA0150,CA0150,SRC019,SFC_DE2A842947A3,LIQ_6656B41AB7,polymer,train,2,0,30.9,73.75400490762775,74.25163,72.669426,37.412994384765625,53.24665933594459,41.7429567972819,45.52698528281537,0.5330459518568098,10.197934,0.026338538,1.083185076713562,no,delta0.25_balanced_rp0.05,physics+neural,10,0.6854849782893631,0.314515021710637,0.0,0.0
PA_CA0151,CA0151,SRC019,SFC_DE2A842947A3,LIQ_53310FAFB3,polymer,train,2,0,46.7,24.89882699649591,24.95053,24.786142,33.435327212015785,29.429524565406172,48.714516957600914,50.977496395238596,1.444314401211172,10.243191,-0.0016975837,1.7882729768753052,no,delta0.25_balanced_rp0.05,physics+neural,10,0.6854849782893631,0.314515021710637,0.0,0.0
PA_CA0152,CA0152,SRC019,SFC_F38D9A54A3DA,LIQ_0F4168490E,polymer,train,2,0,78.1,83.74209091023656,82.74831,85.90804,78.22631772359212,80.23220429428243,76.53773498535156,76.58083025193243,0.873900813336269,10.443736,-0.0549434,1.0031441450119019,no,delta0.25_balanced_rp0.05,physics+neural,10,0.6854849782893631,0.314515021710637,0.0,0.0
PA_CA0153,CA0153,SRC019,SFC_F38D9A54A3DA,LIQ_6656B41AB7,polymer,train,2,0,37.7,53.05782944831535,53.518486,52.05383,52.25373498598734,50.9468223085569,53.309014638264976,49.590711021479656,0.6774061607901967,10.177594,0.019920636,0.8763226866722107,no,delta0.25_balanced_rp0.05,physics+neural,10,0.6854849782893631,0.314515021710637,0.0,0.0
PA_CA0154,CA0154,SRC019,SFC_F38D9A54A3DA,LIQ_53310FAFB3,polymer,train,2,0,44.2,37.7172174146525,37.725967,37.698147,43.495444774627686,40.55858981801119,51.46415328979492,53.97671138744414,0.9969965243193678,10.246728,-0.00090994436,1.5569753646850586,no,delta0.25_balanced_rp0.05,physics+neural,10,0.6854849782893631,0.314515021710637,0.0,0.0
PA_CA0155,CA0155,SRC019,SFC_728CE2CDF422,LIQ_0F4168490E,polymer,train,2,0,86.2,88.83222332431042,87.832085,91.012024,86.92272220055263,86.65322690795982,91.77794647216797,83.25281165627548,0.8757196709384725,10.443477,-0.05545814,1.0175416469573975,no,delta0.25_balanced_rp0.05,physics+neural,10,0.6854849782893631,0.314515021710637,0.0,0.0
PA_CA0156,CA0156,SRC019,SFC_728CE2CDF422,LIQ_6656B41AB7,polymer,train,2,0,33.6,39.80985773761716,40.27296,38.800526,41.79714862505595,38.564845493535245,42.35907109578451,49.81320978533275,0.8861820791780818,10.16325,0.015414086,1.1171108484268188,no,delta0.25_balanced_rp0.05,physics+neural,10,0.6854849782893631,0.314515021710637,0.0,0.0
PA_CA0157,CA0157,SRC019,SFC_728CE2CDF422,LIQ_53310FAFB3,polymer,train,2,0,49.4,47.40751731259007,47.382008,47.463116,52.0541090965271,49.37086114620498,56.54705556233724,57.4456396923747,0.8368275474650493,10.246406,-0.0017688548,1.4503014087677002,no,delta0.25_balanced_rp0.05,physics+neural,10,0.6854849782893631,0.314515021710637,0.0,0.0
PA_CA0158,CA0158,SRC019,SFC_18B35400A3DF,LIQ_0F4168490E,polymer,train,2,0,77.6,91.30560835995406,90.128975,93.87008,90.76834459106128,89.83590405764244,92.00406392415364,90.9374451721622,0.7905264114854433,10.421771,-0.06516818,0.9650415182113647,yes,delta0.25_balanced_rp0.05,physics+neural,10,0.6854849782893631,0.314515021710637,0.0,0.0
PA_CA0159,CA0159,SRC019,SFC_18B35400A3DF,LIQ_6656B41AB7,polymer,train,2,0,40.5,76.61254715578958,76.88901,76.01,63.40302085876465,61.46711750146233,48.709712982177734,53.756844296726705,0.3626905091692356,10.172439,0.014865012,1.0827172994613647,yes,delta0.25_balanced_rp0.05,physics+neural,10,0.6854849782893631,0.314515021710637,0.0,0.0
PA_CA0160,CA0160,SRC019,SFC_18B35400A3DF,LIQ_53310FAFB3,polymer,train,2,0,54.1,38.364059464127784,38.071484,39.001728,44.17378075917562,40.97587506785866,51.15188725789388,60.402624402808094,0.7994926310516883,10.224642,-0.010873477,1.5075892210006714,yes,delta0.25_balanced_rp0.05,physics+neural,10,0.6854849782893631,0.314515021710637,0.0,0.0
PA_CA0161,CA0161,SRC019,SFC_A2A13A70D232,LIQ_0F4168490E,polymer,train,2,0,79.7,93.31473380088534,92.14045,95.874084,92.67559312780698,91.94014975880164,95.31991068522136,93.30895275363962,0.7814132635839055,10.423202,-0.064887546,0.7677977085113525,yes,delta0.25_balanced_rp0.05,physics+neural,10,0.6854849782893631,0.314515021710637,0.0,0.0
PA_CA0162,CA0162,SRC019,SFC_A2A13A70D232,LIQ_6656B41AB7,polymer,train,2,0,48.0,81.81214934959624,82.09009,81.20638,50.833927154541016,64.33856360974956,46.45251592000326,53.57906926110621,0.3543750511659844,10.174349,0.015229829,1.1618114709854126,yes,delta0.25_balanced_rp0.05,physics+neural,10,0.6854849782893631,0.314515021710637,0.0,0.0
PA_CA0163,CA0163,SRC019,SFC_A2A13A70D232,LIQ_53310FAFB3,polymer,train,2,0,58.7,44.21730553792736,43.977222,44.740566,49.55483945210775,46.559183753682795,52.49316914876302,61.12195073971247,0.6991633019515322,10.227851,-0.009844636,1.2347713708877563,yes,delta0.25_balanced_rp0.05,physics+neural,10,0.6854849782893631,0.314515021710637,0.0,0.0
PA_CA0164,CA0164,SRC019,SFC_1A0DE38C2B6C,LIQ_0F4168490E,polymer,train,2,0,66.7,86.4244960358188,85.244995,88.99522,81.04253109296162,83.60213484206629,78.02986653645833,83.6655169615443,0.8003733834513362,10.419936,-0.06536657,1.013929843902588,yes,delta0.25_balanced_rp0.05,physics+neural,10,0.6854849782893631,0.314515021710637,0.0,0.0
PA_CA0165,CA0165,SRC019,SFC_1A0DE38C2B6C,LIQ_6656B41AB7,polymer,train,2,0,33.0,85.61624462978332,85.99369,84.7936,48.220943450927734,62.685486457007094,55.10619099934896,54.09034214199721,0.31825027897067787,10.189857,0.020862937,2.0002527236938477,yes,delta0.25_balanced_rp0.05,physics+neural,10,0.6854849782893631,0.314515021710637,0.0,0.0
PA_CA0166,CA0166,SRC019,SFC_1A0DE38C2B6C,LIQ_53310FAFB3,polymer,train,2,0,46.0,10.65685668307756,10.235278,11.575686,43.946410179138184,21.440028620083154,51.364462534586586,56.22894336259784,2.2490149456684536,10.218563,-0.011996006,1.944251537322998,yes,delta0.25_balanced_rp0.05,physics+neural,10,0.6854849782893631,0.314515021710637,0.0,0.0
PA_CA0167,CA0167,SRC019,SFC_B939DB90B487,LIQ_0F4168490E,polymer,train,2,0,85.3,91.14839571019355,89.97391,93.70819,90.45260001222293,89.59295379127583,92.2357177734375,90.84434410952305,0.7874463088086027,10.4220705,-0.06505864,0.9270378947257996,yes,delta0.25_balanced_rp0.05,physics+neural,10,0.6854849782893631,0.314515021710637,0.0,0.0
PA_CA0168,CA0168,SRC019,SFC_B939DB90B487,LIQ_6656B41AB7,polymer,train,2,0,42.7,57.49553572378307,57.68672,57.078846,53.758200327555336,54.95476651159228,52.32588450113932,58.880689429073016,0.4683788856789076,10.152818,0.008753027,0.608763575553894,yes,delta0.25_balanced_rp0.05,physics+neural,10,0.6854849782893631,0.314515021710637,0.0,0.0
PA_CA0169,CA0169,SRC019,SFC_B939DB90B487,LIQ_53310FAFB3,polymer,train,2,0,54.6,49.35465806851903,49.102173,49.90495,53.819422245025635,50.90752136626611,58.02575937906901,64.54313533285826,0.6529563253936225,10.225825,-0.0110734105,1.1878962516784668,yes,delta0.25_balanced_rp0.05,physics+neural,10,0.6854849782893631,0.314515021710637,0.0,0.0
PA_CA0170,CA0170,SRC019,SFC_20F9A903B6D3,LIQ_0F4168490E,polymer,train,2,0,70.8,84.89637254421349,83.7154,87.4703,78.97879648208618,81.89957669249758,76.15308380126953,82.44319587280843,0.8033007241723195,10.419597,-0.0653635,1.021721363067627,yes,delta0.25_balanced_rp0.05,physics+neural,10,0.6854849782893631,0.314515021710637,0.0,0.0
PA_CA0171,CA0171,SRC019,SFC_20F9A903B6D3,LIQ_6656B41AB7,polymer,train,2,0,31.6,71.49929573211337,71.8066,70.82952,37.254339853922524,51.957120743064,41.819260915120445,51.77182522724062,0.36546257502220947,10.175001,0.016086962,1.0556246042251587,yes,delta0.25_balanced_rp0.05,physics+neural,10,0.6854849782893631,0.314515021710637,0.0,0.0
PA_CA0172,CA0172,SRC019,SFC_20F9A903B6D3,LIQ_53310FAFB3,polymer,train,2,0,43.6,22.440317984719044,21.985996,23.430511,30.57675838470459,26.79449883890045,48.56154251098633,57.19814148631594,1.2739395549104862,10.220039,-0.012007243,1.8073089122772217,yes,delta0.25_balanced_rp0.05,physics+neural,10,0.6854849782893631,0.314515021710637,0.0,0.0
PA_CA0173,CA0173,SRC019,SFC_B194AD3300AA,LIQ_0F4168490E,polymer,train,2,0,70.0,93.61887486965868,92.25048,96.60129,93.25137641032536,92.13577122582865,94.85466766357422,91.49143860225394,0.7672875390263942,10.5406885,-0.07558527,0.8788906335830688,no,delta0.25_balanced_rp0.05,physics+neural,10,0.6854849782893631,0.314515021710637,0.0,0.0
PA_CA0174,CA0174,SRC019,SFC_B194AD3300AA,LIQ_6656B41AB7,polymer,train,2,0,44.5,102.75050982819242,102.96373,102.2858,68.10331853230794,79.9791456159663,82.25491841634114,70.29740496188066,0.6302692696101264,10.311384,0.011674271,2.610671281814575,no,delta0.25_balanced_rp0.05,physics+neural,10,0.6854849782893631,0.314515021710637,0.0,0.0
PA_CA0175,CA0175,SRC019,SFC_B194AD3300AA,LIQ_53310FAFB3,polymer,train,2,0,57.7,28.173948871625342,27.46157,29.726576,35.42500432332357,31.75783621990846,49.536248524983726,53.25734972746798,1.169183078678769,10.340607,-0.020756358,1.7455593347549438,no,delta0.25_balanced_rp0.05,physics+neural,10,0.6854849782893631,0.314515021710637,0.0,0.0
PA_CA0176,CA0176,SRC019,SFC_518FE42D18EE,LIQ_0F4168490E,polymer,train,2,0,67.9,82.84363535097575,81.840836,85.029236,77.34509166081746,79.79051583701032,75.86251068115234,76.12121245505726,0.8809400716044928,10.442343,-0.05536756,1.0352303981781006,no,delta0.25_balanced_rp0.05,physics+neural,10,0.6854849782893631,0.314515021710637,0.0,0.0
PA_CA0177,CA0177,SRC019,SFC_518FE42D18EE,LIQ_6656B41AB7,polymer,train,2,0,30.1,72.67564269571474,73.20144,71.52967,38.649176279703774,51.42463010168572,41.819260915120445,44.93631610218764,0.5260640895457588,10.201395,0.027668452,1.288214087486267,no,delta0.25_balanced_rp0.05,physics+neural,10,0.6854849782893631,0.314515021710637,0.0,0.0
PA_CA0178,CA0178,SRC019,SFC_518FE42D18EE,LIQ_53310FAFB3,polymer,train,2,0,40.6,11.943723693801903,12.533483,10.658345,46.694634437561035,24.897717461033167,50.67781448364258,50.18245317774363,2.815135680196969,10.240752,-0.0020114419,1.9284392595291138,no,delta0.25_balanced_rp0.05,physics+neural,10,0.6854849782893631,0.314515021710637,0.0,0.0
PA_CA0179,CA0179,SRC019,SFC_5B4B735AB969,LIQ_0F4168490E,polymer,train,2,0,84.9,93.58710977462187,92.58916,95.762146,93.4953822294871,92.09788383419698,95.52442932128906,89.66726752327521,0.8719397062226355,10.44583,-0.05509721,0.9112013578414917,no,delta0.25_balanced_rp0.05,physics+neural,10,0.6854849782893631,0.314515021710637,0.0,0.0
PA_CA0180,CA0180,SRC019,SFC_5B4B735AB969,LIQ_6656B41AB7,polymer,train,2,0,43.3,66.12400312333108,66.54054,65.216156,60.53098233540853,60.04511913437283,57.95537567138672,51.47797126076649,0.5949696509064174,10.182067,0.020864693,0.5258445143699646,no,delta0.25_balanced_rp0.05,physics+neural,10,0.6854849782893631,0.314515021710637,0.0,0.0
PA_CA0181,CA0181,SRC019,SFC_5B4B735AB969,LIQ_53310FAFB3,polymer,train,2,0,57.7,48.814133562863184,48.817272,48.807293,53.27127083142599,50.58593444421024,57.20130920410156,58.2396429621277,0.8116025313985463,10.249367,-0.0005354819,1.1807332038879395,no,delta0.25_balanced_rp0.05,physics+neural,10,0.6854849782893631,0.314515021710637,0.0,0.0
PA_CA0182,CA0182,SRC019,SFC_C21C1D938B32,LIQ_0F4168490E,polymer,train,2,0,71.5,85.32095988347687,84.32269,87.49668,79.8007043202718,81.8571584244152,78.04727935791016,78.08432749819704,0.8758007001605238,10.443122,-0.055288523,1.0085664987564087,no,delta0.25_balanced_rp0.05,physics+neural,10,0.6854849782893631,0.314515021710637,0.0,0.0
PA_CA0183,CA0183,SRC019,SFC_C21C1D938B32,LIQ_6656B41AB7,polymer,train,2,0,34.0,72.5182953916153,73.01955,71.42582,38.46728388468424,52.087051599476005,41.819260915120445,45.545136870752735,0.5354302642139982,10.197773,0.026343724,1.0683033466339111,no,delta0.25_balanced_rp0.05,physics+neural,10,0.6854849782893631,0.314515021710637,0.0,0.0
PA_CA0184,CA0184,SRC019,SFC_C21C1D938B32,LIQ_53310FAFB3,polymer,train,2,0,45.1,24.686892063012607,24.765427,24.515726,33.030259450276695,29.271155886827746,49.5912119547526,51.47564357517164,1.4538194113459681,10.244497,-0.0011324001,1.7644762992858887,no,delta0.25_balanced_rp0.05,physics+neural,10,0.6854849782893631,0.314515021710637,0.0,0.0
PA_CA0185,CA0185,SRC019,SFC_7CE7C443ED47,LIQ_0F4168490E,polymer,train,2,0,76.7,86.29947882441624,85.299355,88.47925,81.00648514429729,83.29463072879838,77.91057840983073,79.26314907125179,0.8766284041604351,10.442941,-0.05543032,1.0173832178115845,no,delta0.25_balanced_rp0.05,physics+neural,10,0.6854849782893631,0.314515021710637,0.0,0.0
PA_CA0186,CA0186,SRC019,SFC_7CE7C443ED47,LIQ_6656B41AB7,polymer,train,2,0,32.4,60.84280690420662,61.304726,59.836056,57.296745459238686,57.597284712119595,55.02334721883138,49.47525694859811,0.6085668294867713,10.1844425,0.022035873,0.8073405027389526,no,delta0.25_balanced_rp0.05,physics+neural,10,0.6854849782893631,0.314515021710637,0.0,0.0
PA_CA0187,CA0187,SRC019,SFC_7CE7C443ED47,LIQ_53310FAFB3,polymer,train,2,0,45.9,33.59287138085286,33.590534,33.597965,42.39635626475016,37.08294295369452,51.00197219848633,53.31729549969085,1.1046119800441112,10.24449,-0.0016305173,1.718292236328125,no,delta0.25_balanced_rp0.05,physics+neural,10,0.6854849782893631,0.314515021710637,0.0,0.0
PA_CA0188,CA0188,SRC019,SFC_3A912BE10F78,LIQ_0F4168490E,polymer,train,2,0,77.6,91.06943295578382,89.89561,93.627785,89.80878699819247,89.49554868842061,90.56158701578777,90.85955642478085,0.7865758069994208,10.422149,-0.06502644,0.9082945585250854,yes,delta0.25_balanced_rp0.05,physics+neural,10,0.6854849782893631,0.314515021710637,0.0,0.0
PA_CA0189,CA0189,SRC019,SFC_3A912BE10F78,LIQ_6656B41AB7,polymer,train,2,0,43.3,77.93607533516825,78.216125,77.32571,46.95377095540365,61.078962570666164,47.05889129638672,53.82906020696751,0.3589623275417801,10.173406,0.01514411,1.12883722782135,yes,delta0.25_balanced_rp0.05,physics+neural,10,0.6854849782893631,0.314515021710637,0.0,0.0
PA_CA0190,CA0190,SRC019,SFC_3A912BE10F78,LIQ_53310FAFB3,polymer,train,2,0,54.7,39.47313848967639,39.198887,40.07087,45.0379327138265,42.29139620764695,50.55891672770182,60.435944096612936,0.7754490550687253,10.225877,-0.01041054,1.4440535306930542,yes,delta0.25_balanced_rp0.05,physics+neural,10,0.6854849782893631,0.314515021710637,0.0,0.0
PA_CA0191,CA0191,SRC019,SFC_A85159655264,LIQ_0F4168490E,polymer,train,2,0,76.8,90.09600871809526,88.92133,92.65621,88.8496462777257,88.36847228590032,91.20522816975911,90.46312081138535,0.7896934541723326,10.42162,-0.065113865,0.9728325009346008,yes,delta0.25_balanced_rp0.05,physics+neural,10,0.6854849782893631,0.314515021710637,0.0,0.0
PA_CA0192,CA0192,SRC019,SFC_A85159655264,LIQ_6656B41AB7,polymer,train,2,0,40.8,75.72966230895689,76.00878,75.12132,45.114645640055336,59.388569184744306,47.111036936442055,53.543011861582734,0.3636062472397714,10.172509,0.014947511,1.0912631750106812,yes,delta0.25_balanced_rp0.05,physics+neural,10,0.6854849782893631,0.314515021710637,0.0,0.0
PA_CA0193,CA0193,SRC019,SFC_A85159655264,LIQ_53310FAFB3,polymer,train,2,0,52.8,37.301747545600726,37.00698,37.94419,43.10927804311117,40.28074063877932,51.064039866129555,60.3438991282495,0.8174926934125352,10.224782,-0.010756783,1.5254542827606201,yes,delta0.25_balanced_rp0.05,physics+neural,10,0.6854849782893631,0.314515021710637,0.0,0.0
PA_CA0194,CA0194,SRC019,SFC_FFB6C9027014,LIQ_0F4168490E,polymer,train,2,0,69.2,86.54385053403031,85.3655,89.11206,80.91384959220886,83.65633906627819,84.33267211914062,83.71267635320146,0.7988809701455442,10.420144,-0.06530728,1.008292555809021,yes,delta0.25_balanced_rp0.05,physics+neural,10,0.6854849782893631,0.314515021710637,0.0,0.0
PA_CA0195,CA0195,SRC019,SFC_FFB6C9027014,LIQ_6656B41AB7,polymer,train,2,0,34.2,80.8803310213406,81.22471,80.12976,44.25952021280924,58.28878024703417,41.97321319580078,51.62454403231889,0.3329197388987697,10.183697,0.01882811,1.5887190103530884,yes,delta0.25_balanced_rp0.05,physics+neural,10,0.6854849782893631,0.314515021710637,0.0,0.0
PA_CA0196,CA0196,SRC019,SFC_FFB6C9027014,LIQ_53310FAFB3,polymer,train,2,0,46.5,20.014834527341986,19.560549,21.00495,53.01086235046387,29.013688855111667,51.546522776285805,56.998075177319784,1.3925066656739236,10.220971,-0.011504454,1.814522624015808,yes,delta0.25_balanced_rp0.05,physics+neural,10,0.6854849782893631,0.314515021710637,0.0,0.0
PA_CA0197,CA0197,SRC019,SFC_A4D0CCDC96C9,LIQ_0F4168490E,polymer,train,2,0,64.0,82.07646902278483,80.89723,84.646614,76.61072278022766,79.08217820842312,76.47184244791667,81.24070787542959,0.8040341662884098,10.420097,-0.0649899,1.0160547494888306,yes,delta0.25_balanced_rp0.05,physics+neural,10,0.6854849782893631,0.314515021710637,0.0,0.0
PA_CA0198,CA0198,SRC019,SFC_A4D0CCDC96C9,LIQ_6656B41AB7,polymer,train,2,0,34.4,81.78917989060037,82.172615,80.95348,44.971946716308594,59.18419877945619,41.10902531941732,51.71813736558375,0.3198387713968528,10.189823,0.021022372,1.979519248008728,yes,delta0.25_balanced_rp0.05,physics+neural,10,0.6854849782893631,0.314515021710637,0.0,0.0
PA_CA0199,CA0199,SRC019,SFC_A4D0CCDC96C9,LIQ_53310FAFB3,polymer,train,2,0,40.6,2.02786581892839,0.0,6.447596,29.277299880981445,10.846960216741472,35.31560516357422,51.91531384224276,2.831556078266003,10.216888,-0.012145024,2.110712766647339,yes,delta0.25_balanced_rp0.05,physics+neural,10,0.6854849782893631,0.314515021710637,0.0,0.0
PA_CA0200,CA0200,SRC019,SFC_122E5AC99B75,LIQ_0F4168490E,polymer,train,2,0,73.5,86.90102815851284,85.72642,89.46109,81.3377316792806,83.93380601318184,84.48890177408855,84.1247096777969,0.793949846080601,10.420817,-0.06511257,1.0005543231964111,yes,delta0.25_balanced_rp0.05,physics+neural,10,0.6854849782893631,0.314515021710637,0.0,0.0
PA_CA0201,CA0201,SRC019,SFC_122E5AC99B75,LIQ_6656B41AB7,polymer,train,2,0,38.0,73.86997960649049,74.16542,73.22607,37.3267822265625,54.24779993365424,41.7429567972819,51.79841884363615,0.3625276171998622,10.174186,0.015676757,1.0687837600708008,yes,delta0.25_balanced_rp0.05,physics+neural,10,0.6854849782893631,0.314515021710637,0.0,0.0
PA_CA0202,CA0202,SRC019,SFC_122E5AC99B75,LIQ_53310FAFB3,polymer,train,2,0,48.1,30.825553184683855,30.484266,31.569387,38.783535639444985,34.43071130633936,50.67820739746094,58.50269778239474,0.9651417473989908,10.223492,-0.010973894,1.6995868682861328,yes,delta0.25_balanced_rp0.05,physics+neural,10,0.6854849782893631,0.314515021710637,0.0,0.0
PA_CA0203,CA0203,SRC021,SFC_AF7901E44BC5,LIQ_0F4168490E,semiconductor,train,3,2,148.4,93.9246826171875,97.73563,93.92468,95.2284228404363,96.36371479387793,95.61996205647786,89.07207692027218,3.626125940324464,11.213721,0.06632035,8.18008804321289,yes,delta0.35_balanced_rp0.02,physics+neural,12,0.0,1.0,0.0,0.0
PA_CA0204,CA0204,SRC021,SFC_AF7901E44BC5,LIQ_53310FAFB3,semiconductor,train,3,2,13.7,75.9496078491211,81.382324,75.94961,80.75328284626205,81.87564241792643,81.12457784016927,69.1578022115671,6.06616597287145,11.12357,0.09167569,11.028153419494629,yes,delta0.35_balanced_rp0.02,physics+neural,12,0.0,1.0,0.0,0.0
PA_CA0205,CA0205,SRC021,SFC_AF7901E44BC5,LIQ_6656B41AB7,semiconductor,train,3,2,10.1,53.55412673950195,62.571476,53.554127,63.43215044339498,63.13127405220046,66.03050994873047,59.673646997953256,7.224575340132107,11.254386,0.12888949,12.931859016418457,yes,delta0.35_balanced_rp0.02,physics+neural,12,0.0,1.0,0.0,0.0
PA_CA0206,CA0206,SRC021,SFC_AF7901E44BC5,LIQ_1BD1B94C09,semiconductor,train,3,2,88.0,62.74528503417969,69.20835,62.745285,69.14421750108401,69.10029607467449,66.06466420491536,62.05842882566636,6.862638897494003,11.153483,0.099875994,13.32699203491211,yes,delta0.35_balanced_rp0.02,physics+neural,12,0.0,1.0,0.0,0.0
PA_CA0207,CA0207,SRC021,SFC_64CEEFE0D7DB,LIQ_0F4168490E,semiconductor,train,3,2,157.0,94.394775390625,99.03297,94.394775,96.77502989768982,97.48578139658146,96.61224873860677,89.56990731483874,4.245662235049662,11.2181015,0.080628045,9.449620246887207,yes,delta0.35_balanced_rp0.02,physics+neural,12,0.0,1.0,0.0,0.0
PA_CA0208,CA0208,SRC021,SFC_64CEEFE0D7DB,LIQ_53310FAFB3,semiconductor,train,3,2,14.2,78.91098022460938,85.11407,78.91098,84.81607288991411,85.95402995683285,84.81533304850261,70.67379126644967,6.445167891678524,11.130829,0.10607645,12.303430557250977,yes,delta0.35_balanced_rp0.02,physics+neural,12,0.0,1.0,0.0,0.0
PA_CA0209,CA0209,SRC021,SFC_64CEEFE0D7DB,LIQ_6656B41AB7,semiconductor,train,3,2,10.0,59.55180740356445,68.95416,59.551807,66.7433733145396,68.16749154728465,65.9333979288737,59.8783918238074,7.11528377340385,11.273362,0.14393018,14.11354923248291,yes,delta0.35_balanced_rp0.02,physics+neural,12,0.0,1.0,0.0,0.0
PA_CA0210,CA0210,SRC021,SFC_64CEEFE0D7DB,LIQ_1BD1B94C09,semiconductor,train,3,2,94.5,63.76970291137695,70.747246,63.769703,70.7550522685051,70.56975913435672,66.91853332519531,62.366942443130654,7.2555718856836195,11.149964,0.10892087,14.508172988891602,yes,delta0.35_balanced_rp0.02,physics+neural,12,0.0,1.0,0.0,0.0
PA_CA0211,CA0211,SRC021,SFC_6A9094C843B2,LIQ_0F4168490E,semiconductor,train,3,2,129.3,94.8518295288086,97.24331,94.85183,94.6709992090861,94.19502586447454,94.12728627522786,91.23926123587994,0.9506106298102005,11.167709,0.041514892,3.4775588512420654,yes,delta0.35_balanced_rp0.02,physics+neural,12,0.0,1.0,0.0,0.0
PA_CA0212,CA0212,SRC021,SFC_6A9094C843B2,LIQ_53310FAFB3,semiconductor,train,3,2,59.1,68.13777923583984,70.664986,68.13778,70.1771050025709,71.87181740281879,71.03336079915364,63.903256062311385,4.494999651587786,11.093166,0.040163353,7.426662445068359,yes,delta0.35_balanced_rp0.02,physics+neural,12,0.0,1.0,0.0,0.0
PA_CA0213,CA0213,SRC021,SFC_6A9094C843B2,LIQ_6656B41AB7,semiconductor,train,3,2,30.0,45.57210922241211,51.36276,45.57211,55.28198901812235,54.92170286520988,64.37579600016277,57.74543773057392,4.885145201456733,11.25125,0.073122226,7.06993293762207,yes,delta0.35_balanced_rp0.02,physics+neural,12,0.0,1.0,0.0,0.0
PA_CA0214,CA0214,SRC021,SFC_6A9094C843B2,LIQ_1BD1B94C09,semiconductor,train,3,2,63.5,70.06340789794922,74.769844,70.06341,73.52422553300858,74.57603484263647,72.20887502034505,63.37973779803571,4.048769280777374,11.250789,0.077461235,7.408931732177734,yes,delta0.35_balanced_rp0.02,physics+neural,12,0.0,1.0,0.0,0.0
PA_CA0215,CA0215,SRC021,SFC_FF57CC803397,LIQ_0F4168490E,semiconductor,train,3,2,103.8,89.6979751586914,92.260414,89.697975,90.22075641155243,88.67361347949112,83.57224019368489,84.9460150398241,0.36496655283863255,11.153651,0.04471253,4.091435432434082,yes,delta0.35_balanced_rp0.02,physics+neural,12,0.0,1.0,0.0,0.0
PA_CA0216,CA0216,SRC021,SFC_FF57CC803397,LIQ_53310FAFB3,semiconductor,train,3,2,38.6,63.9287223815918,61.286003,63.928722,62.06526842713356,63.54974161350798,65.23162587483723,61.86449344164638,1.3634601293991735,11.015548,-0.04107471,4.307501792907715,yes,delta0.35_balanced_rp0.02,physics+neural,12,0.0,1.0,0.0,0.0
PA_CA0217,CA0217,SRC021,SFC_FF57CC803397,LIQ_6656B41AB7,semiconductor,train,3,2,18.5,26.80135154724121,23.340355,26.801352,27.26449926694234,28.463723637531032,31.572181065877277,52.080346122327335,1.993664039921859,11.110744,-0.026130497,4.409985542297363,yes,delta0.35_balanced_rp0.02,physics+neural,12,0.0,1.0,0.0,0.0
PA_CA0218,CA0218,SRC021,SFC_FF57CC803397,LIQ_1BD1B94C09,semiconductor,train,3,2,66.2,59.78334426879883,59.34163,59.783344,60.15955630938212,60.39006363922774,62.180711110432945,59.076234048667374,1.1743834502841932,11.148799,-0.0067521245,4.489954471588135,yes,delta0.35_balanced_rp0.02,physics+neural,12,0.0,1.0,0.0,0.0
PA_CA0219,CA0219,SRC021,SFC_A7B1D9A554FD,LIQ_0F4168490E,semiconductor,train,3,2,143.8,124.81786346435547,135.18443,124.81786,132.68576725323996,128.66875181310417,112.32515462239583,97.08018253717057,0.5423887618484802,11.473453,0.13843518,4.360888957977295,yes,delta0.35_balanced_rp0.02,physics+neural,12,0.0,1.0,0.0,0.0
PA_CA0220,CA0220,SRC021,SFC_A7B1D9A554FD,LIQ_53310FAFB3,semiconductor,train,3,2,119.7,120.12511444091797,126.09983,120.125114,124.18320528666179,123.33351701102663,102.40578969319661,76.8708332715434,1.2145966559682495,11.327245,0.08741612,4.52170991897583,yes,delta0.35_balanced_rp0.02,physics+neural,12,0.0,1.0,0.0,0.0
PA_CA0221,CA0221,SRC021,SFC_A7B1D9A554FD,LIQ_6656B41AB7,semiconductor,train,3,2,117.8,109.18633270263672,117.36383,109.18633,112.76386896769206,108.21275084400413,85.19767506917317,67.3913492212734,0.6715364430642012,11.526321,0.13102059,4.719885349273682,yes,delta0.35_balanced_rp0.02,physics+neural,12,0.0,1.0,0.0,0.0
PA_CA0222,CA0222,SRC021,SFC_A7B1D9A554FD,LIQ_1BD1B94C09,semiconductor,train,3,2,125.9,117.74858856201172,125.97952,117.74859,121.61540110905965,120.90998521942788,98.07648468017578,73.06778410726521,0.9843439489856712,11.484047,0.12197229,4.788333415985107,yes,delta0.35_balanced_rp0.02,physics+neural,12,0.0,1.0,0.0,0.0
PA_CA0223,CA0223,SRC021,SFC_9E60C86BF546,LIQ_0F4168490E,semiconductor,train,3,2,157.5,133.8465118408203,148.33514,133.84651,145.6113153298696,141.81772008383174,112.10115559895833,95.02201814872944,0.34488948306250533,11.530366,0.15841681,4.775959014892578,yes,delta0.35_balanced_rp0.02,physics+neural,12,0.0,1.0,0.0,0.0
PA_CA0224,CA0224,SRC021,SFC_9E60C86BF546,LIQ_53310FAFB3,semiconductor,train,3,2,147.7,132.2263946533203,141.60321,132.2264,139.62668418884277,138.5904093487119,102.12073262532552,73.7261647653768,1.554108540393182,11.393565,0.11191257,5.000503063201904,yes,delta0.35_balanced_rp0.02,physics+neural,12,0.0,1.0,0.0,0.0
PA_CA0225,CA0225,SRC021,SFC_9E60C86BF546,LIQ_6656B41AB7,semiconductor,train,3,2,139.4,125.58399200439453,137.52441,125.58399,132.9244524637858,128.2453818986992,85.19767506917317,66.664181719439,0.6389060409693547,11.599513,0.15570562,5.193471431732178,yes,delta0.35_balanced_rp0.02,physics+neural,12,0.0,1.0,0.0,0.0
PA_CA0226,CA0226,SRC021,SFC_9E60C86BF546,LIQ_1BD1B94C09,semiconductor,train,3,2,135.9,134.1969451904297,146.91069,134.19695,142.4969470500946,141.83759871612764,98.38692728678386,75.41438460193741,0.29320602671882595,11.529053,0.14070275,5.064459323883057,yes,delta0.35_balanced_rp0.02,physics+neural,12,0.0,1.0,0.0,0.0
PA_CA0227,CA0227,SRC021,SFC_669705F5791A,LIQ_0F4168490E,semiconductor,train,3,2,148.2,126.3411636352539,135.36476,126.34116,132.57004515329996,130.46700361813961,112.41886647542317,95.6513751911112,1.61083414453534,11.468486,0.11923689,4.645443916320801,yes,delta0.35_balanced_rp0.02,physics+neural,12,0.0,1.0,0.0,0.0
PA_CA0228,CA0228,SRC021,SFC_669705F5791A,LIQ_53310FAFB3,semiconductor,train,3,2,129.3,114.32535552978516,120.45906,114.325356,117.29207841555278,116.97647373679918,100.42521158854167,73.46503040444463,2.3418813462412684,11.351597,0.09534701,5.219462871551514,yes,delta0.35_balanced_rp0.02,physics+neural,12,0.0,1.0,0.0,0.0
PA_CA0229,CA0229,SRC021,SFC_669705F5791A,LIQ_6656B41AB7,semiconductor,train,3,2,107.1,110.1182632446289,119.01074,110.11826,113.36727507909139,109.68265457016116,83.78053029378255,66.55490968746841,1.2223711839924163,11.555736,0.14109331,5.211728572845459,yes,delta0.35_balanced_rp0.02,physics+neural,12,0.0,1.0,0.0,0.0
PA_CA0230,CA0230,SRC021,SFC_669705F5791A,LIQ_1BD1B94C09,semiconductor,train,3,2,119.5,116.24674224853516,125.07245,116.24674,119.66940259933472,119.5819950264189,96.39265950520833,72.16935427649965,1.9229701628661393,11.513947,0.13262461,5.4959611892700195,yes,delta0.35_balanced_rp0.02,physics+neural,12,0.0,1.0,0.0,0.0
PA_CA0231,CA0231,SRC021,SFC_DDF6B0728CC9,LIQ_0F4168490E,semiconductor,train,3,2,147.4,127.0090560913086,137.57509,127.009056,134.56927625338236,130.94731823275617,110.52413177490234,97.23968894012557,0.9293894441705624,11.464863,0.13629971,4.289257049560547,yes,delta0.35_balanced_rp0.02,physics+neural,12,0.0,1.0,0.0,0.0
PA_CA0232,CA0232,SRC021,SFC_DDF6B0728CC9,LIQ_53310FAFB3,semiconductor,train,3,2,122.9,119.00225067138672,125.33244,119.00225,123.35591697692871,122.09000414939923,102.12073262532552,73.42905333690975,1.747966393368664,11.34759,0.09369967,4.759551525115967,yes,delta0.35_balanced_rp0.02,physics+neural,12,0.0,1.0,0.0,0.0
PA_CA0233,CA0233,SRC021,SFC_DDF6B0728CC9,LIQ_6656B41AB7,semiconductor,train,3,2,115.4,110.33829498291016,118.894325,110.338295,114.29436365763347,109.59543579284814,85.19767506917317,66.51111918173217,0.8476231877528833,11.540277,0.13567142,4.870509624481201,yes,delta0.35_balanced_rp0.02,physics+neural,12,0.0,1.0,0.0,0.0
PA_CA0234,CA0234,SRC021,SFC_DDF6B0728CC9,LIQ_1BD1B94C09,semiconductor,train,3,2,124.1,118.24132537841797,126.797,118.241325,122.43287547429402,121.48292306744099,98.07648468017578,72.08565210027426,1.202294901776389,11.496014,0.1258999,4.916959762573242,yes,delta0.35_balanced_rp0.02,physics+neural,12,0.0,1.0,0.0,0.0
PA_CA0303,CA0303,SRC001,SFC_B8DDD579CB88,LIQ_06B74E7F53,carbon_material,train,4,3,2.7,33.01090725121908,23.505539,40.10754,25.693907618522644,27.500174389098053,42.737813313802086,57.389020989395114,4.424044111968547,10.686699,-0.15927704,6.151961803436279,yes,delta0.35_unbalanced_rp0.05,physics+neural+xgboost,16,2.5483790899445517e-16,0.5076443864208205,0.4923556135791792,0.0
PA_CA0304,CA0304,SRC001,SFC_B8DDD579CB88,LIQ_53310FAFB3,carbon_material,train,4,3,66.7,59.104680775730266,51.207684,62.06723,56.05013736089071,53.19186607389793,51.15255864461263,62.194326885889005,1.949590391964491,10.829577,-0.15853004,4.224013805389404,yes,delta0.35_unbalanced_rp0.05,physics+neural+xgboost,16,2.5483790899445517e-16,0.5076443864208205,0.4923556135791792,0.0
PA_CA0305,CA0305,SRC001,SFC_B8DDD579CB88,LIQ_6656B41AB7,carbon_material,train,4,3,35.3,37.94719419904564,33.69637,40.9042,34.89836502075195,30.495100282742584,38.10656483968099,54.28970496183435,2.230581463058645,11.135991,-0.07785623,4.342986106872559,yes,delta0.35_unbalanced_rp0.05,physics+neural+xgboost,16,2.5483790899445517e-16,0.5076443864208205,0.4923556135791792,0.0
PA_CA0306,CA0306,SRC001,SFC_B8DDD579CB88,LIQ_1BD1B94C09,carbon_material,train,4,3,56.7,65.89296770736223,61.541054,68.482994,63.222515066464744,62.870445780543,58.15478006998698,65.40164260644006,1.470166023084376,10.994882,-0.110176146,4.020726203918457,yes,delta0.35_unbalanced_rp0.05,physics+neural+xgboost,16,2.5483790899445517e-16,0.5076443864208205,0.4923556135791792,0.0
PA_CA0307,CA0307,SRC001,SFC_B8DDD579CB88,LIQ_0F4168490E,carbon_material,train,4,3,89.8,104.902877434087,96.55966,104.47177,105.34737046559651,97.59612871659061,119.36074829101562,101.99948384359585,1.3691134281529387,10.777771,-0.13535117,4.191777229309082,yes,delta0.35_unbalanced_rp0.05,physics+neural+xgboost,16,2.5483790899445517e-16,0.5076443864208205,0.4923556135791792,0.0
PA_CA0308,CA0308,SRC001,SFC_F862748296EB,LIQ_06B74E7F53,carbon_material,train,4,3,12.1,22.71157483551542,0.0,30.99262,14.173383712768555,7.097661029529838,36.033501942952476,49.907111730823324,6.121201564235986,10.793724,-0.15707411,6.295827865600586,yes,delta0.35_unbalanced_rp0.05,physics+neural+xgboost,16,2.5483790899445517e-16,0.5076443864208205,0.4923556135791792,0.0
PA_CA0309,CA0309,SRC001,SFC_F862748296EB,LIQ_53310FAFB3,carbon_material,train,4,3,52.3,42.52257605553248,18.255545,37.34091,47.865142822265625,33.42136711590539,39.30973561604818,52.882040131418655,2.4685924852963907,10.925187,-0.15625018,4.5036396980285645,yes,delta0.35_unbalanced_rp0.05,physics+neural+xgboost,16,2.5483790899445517e-16,0.5076443864208205,0.4923556135791792,0.0
PA_CA0310,CA0310,SRC001,SFC_F862748296EB,LIQ_6656B41AB7,carbon_material,train,4,3,20.5,39.724961806347025,36.83469,39.66345,39.78838541358709,32.685432481025146,30.50860850016276,47.614499774761214,3.325140071499057,11.354389,-0.03270152,4.24613094329834,yes,delta0.35_unbalanced_rp0.05,physics+neural+xgboost,16,2.5483790899445517e-16,0.5076443864208205,0.4923556135791792,0.0
PA_CA0311,CA0311,SRC001,SFC_F862748296EB,LIQ_1BD1B94C09,carbon_material,train,4,3,36.4,52.59872790863015,43.398808,50.964245,54.28396542867025,50.53786372750191,48.88421885172526,56.257417246808444,2.4635720916766335,11.123466,-0.09814173,3.951108455657959,yes,delta0.35_unbalanced_rp0.05,physics+neural+xgboost,16,2.5483790899445517e-16,0.5076443864208205,0.4923556135791792,0.0
PA_CA0312,CA0312,SRC001,SFC_F862748296EB,LIQ_0F4168490E,carbon_material,train,4,3,70.1,83.85775924273355,81.8391,88.81347,78.74816338221233,78.81004000200649,66.08216857910156,79.4592112899167,1.7826869269629444,10.917751,-0.12125794,4.236234188079834,yes,delta0.35_unbalanced_rp0.05,physics+neural+xgboost,16,2.5483790899445517e-16,0.5076443864208205,0.4923556135791792,0.0
PA_CA0313,CA0313,SRC001,SFC_2202AAAAD87C,LIQ_06B74E7F53,carbon_material,train,4,3,13.0,26.513053746014414,4.573745,30.0091,22.908447265625,13.523058227762261,31.570872624715168,48.97790703160832,6.634586294326833,10.834933,-0.14643344,6.277732849121094,yes,delta0.35_unbalanced_rp0.05,physics+neural+xgboost,16,2.5483790899445517e-16,0.5076443864208205,0.4923556135791792,0.0
PA_CA0314,CA0314,SRC001,SFC_2202AAAAD87C,LIQ_53310FAFB3,carbon_material,train,4,3,44.3,34.971987092317654,0.0,33.553406,36.434618631998696,17.18535589864045,39.071770985921226,52.49107069257686,2.3912572808180927,10.873717,-0.16834484,4.85499906539917,yes,delta0.35_unbalanced_rp0.05,physics+neural+xgboost,16,2.5483790899445517e-16,0.5076443864208205,0.4923556135791792,0.0
PA_CA0315,CA0315,SRC001,SFC_2202AAAAD87C,LIQ_6656B41AB7,carbon_material,train,4,3,24.3,39.05777947398623,36.0505,38.369633,39.76729476451874,32.00948185036892,30.188161214192707,47.267386032587105,3.20017006706425,11.374087,-0.026592761,4.2830729484558105,yes,delta0.35_unbalanced_rp0.05,physics+neural+xgboost,16,2.5483790899445517e-16,0.5076443864208205,0.4923556135791792,0.0
PA_CA0316,CA0316,SRC001,SFC_2202AAAAD87C,LIQ_1BD1B94C09,carbon_material,train,4,3,25.9,51.70820864689514,37.1339,45.490707,58.11877759297689,48.97993079859074,45.492828369140625,54.89575753322126,2.733395298256932,11.121572,-0.09784027,4.058409214019775,yes,delta0.35_unbalanced_rp0.05,physics+neural+xgboost,16,2.5483790899445517e-16,0.5076443864208205,0.4923556135791792,0.0
PA_CA0317,CA0317,SRC001,SFC_2202AAAAD87C,LIQ_0F4168490E,carbon_material,train,4,3,64.4,76.83371720267832,74.517555,81.79243,71.72102801005046,73.01845772318987,60.303540547688804,73.44154945354671,1.7342475719293313,10.903562,-0.124373645,4.224077224731445,yes,delta0.35_unbalanced_rp0.05,physics+neural+xgboost,16,2.5483790899445517e-16,0.5076443864208205,0.4923556135791792,0.0
PA_CA0318,CA0318,SRC001,SFC_BC3ADCE03F16,LIQ_06B74E7F53,oxide,train,4,3,7.8,30.082303124722717,20.793243,30.626543,29.52116330464681,25.017112955849253,45.44176228841146,57.409394593760645,8.042136360177443,10.859596,-0.10416094,6.2099528312683105,yes,delta0.35_unbalanced_rp0.05,physics+neural+xgboost,16,2.5483790899445517e-16,0.5076443864208205,0.4923556135791792,0.0
PA_CA0319,CA0319,SRC001,SFC_BC3ADCE03F16,LIQ_53310FAFB3,oxide,train,4,3,59.6,54.53250976881474,47.32369,54.978516,54.07265440622965,50.74708233086457,52.19001897176107,62.38485284042992,3.24999814034201,10.969899,-0.10630933,4.107553482055664,yes,delta0.35_unbalanced_rp0.05,physics+neural+xgboost,16,2.5483790899445517e-16,0.5076443864208205,0.4923556135791792,0.0
PA_CA0320,CA0320,SRC001,SFC_BC3ADCE03F16,LIQ_6656B41AB7,oxide,train,4,3,30.0,36.57368233226369,37.036583,36.733097,36.40931739409765,33.052699713130416,40.8394521077474,54.45356687457164,4.107274579984717,11.322856,-0.0030977577,4.366902828216553,yes,delta0.35_unbalanced_rp0.05,physics+neural+xgboost,16,2.5483790899445517e-16,0.5076443864208205,0.4923556135791792,0.0
PA_CA0321,CA0321,SRC001,SFC_BC3ADCE03F16,LIQ_1BD1B94C09,oxide,train,4,3,58.8,57.32574498754889,55.920345,59.173298,55.4208213314414,56.50763904651319,57.90451685587565,63.61766704979792,2.8603376741611664,11.150022,-0.0500595,4.07053804397583,yes,delta0.35_unbalanced_rp0.05,physics+neural+xgboost,16,2.5483790899445517e-16,0.5076443864208205,0.4923556135791792,0.0
PA_CA0322,CA0322,SRC001,SFC_BC3ADCE03F16,LIQ_0F4168490E,oxide,train,4,3,84.6,99.80974590861388,94.79491,98.624275,101.03202819824219,94.52689808558337,102.57212575276692,99.28819604972517,2.781676460408662,10.962429,-0.06576463,4.221539497375488,yes,delta0.35_unbalanced_rp0.05,physics+neural+xgboost,16,2.5483790899445517e-16,0.5076443864208205,0.4923556135791792,0.0
PA_CA0323,CA0323,SRC001,SFC_4E9D8F5E0021,LIQ_06B74E7F53,oxide,train,4,3,4.4,19.84316601439741,0.0,21.096087,18.551339467366535,8.195143415812796,27.8998597462972,48.17874465481989,8.508657751999303,11.025242,-0.0811205,6.538420677185059,yes,delta0.35_unbalanced_rp0.05,physics+neural+xgboost,16,2.5483790899445517e-16,0.5076443864208205,0.4923556135791792,0.0
PA_CA0324,CA0324,SRC001,SFC_4E9D8F5E0021,LIQ_53310FAFB3,oxide,train,4,3,15.6,30.282420605111984,0.0,25.548971,35.162854512532554,10.497565762809918,32.62316703796387,50.44721745287941,4.874005312612249,11.031842,-0.107442684,4.866304874420166,yes,delta0.35_unbalanced_rp0.05,physics+neural+xgboost,16,2.5483790899445517e-16,0.5076443864208205,0.4923556135791792,0.0
PA_CA0325,CA0325,SRC001,SFC_4E9D8F5E0021,LIQ_6656B41AB7,oxide,train,4,3,8.4,12.936045011046561,31.867891,23.793512,1.7414283752441406,17.166309268259173,19.212002436319988,46.31142080740895,4.0853956884999425,11.568675,0.054169804,4.620337963104248,yes,delta0.35_unbalanced_rp0.05,physics+neural+xgboost,16,2.5483790899445517e-16,0.5076443864208205,0.4923556135791792,0.0
PA_CA0326,CA0326,SRC001,SFC_4E9D8F5E0021,LIQ_1BD1B94C09,oxide,train,4,3,14.9,38.900206889693685,21.886732,25.289154,52.93391418457031,35.45586201201088,38.31256866455078,52.136603259047,5.394747212390394,11.260522,-0.036469165,4.463244438171387,yes,delta0.35_unbalanced_rp0.05,physics+neural+xgboost,16,2.5483790899445517e-16,0.5076443864208205,0.4923556135791792,0.0
PA_CA0327,CA0327,SRC001,SFC_4E9D8F5E0021,LIQ_0F4168490E,oxide,train,4,3,58.3,65.2203918797318,65.02366,68.40233,61.939648826917015,59.62939249758724,41.152018229166664,64.76007136727337,2.6685293918154924,11.064424,-0.055636052,4.372299671173096,yes,delta0.35_unbalanced_rp0.05,physics+neural+xgboost,16,2.5483790899445517e-16,0.5076443864208205,0.4923556135791792,0.0
PA_CA0328,CA0328,SRC001,SFC_AA2B954681B3,LIQ_06B74E7F53,oxide,train,4,3,4.7,19.830462077221718,0.0,21.027382,18.59637514750163,8.5269994782444,27.8998597462972,48.85192835842122,8.455920680622087,11.028253,-0.08068483,6.562147617340088,yes,delta0.35_unbalanced_rp0.05,physics+neural+xgboost,16,2.5483790899445517e-16,0.5076443864208205,0.4923556135791792,0.0
PA_CA0329,CA0329,SRC001,SFC_AA2B954681B3,LIQ_53310FAFB3,oxide,train,4,3,12.5,30.332181157150057,0.0,25.646994,35.162854512532554,10.805393648461276,32.62316703796387,50.48421078669543,4.868798271651598,11.03044,-0.10815185,4.861311435699463,yes,delta0.35_unbalanced_rp0.05,physics+neural+xgboost,16,2.5483790899445517e-16,0.5076443864208205,0.4923556135791792,0.0
PA_CA0330,CA0330,SRC001,SFC_AA2B954681B3,LIQ_6656B41AB7,oxide,train,4,3,8.1,29.016804045315748,30.623714,22.194971,36.05047059059143,21.10679348568089,25.392669041951496,46.70561721035164,5.810171302150019,11.564815,0.052324638,4.644873142242432,yes,delta0.35_unbalanced_rp0.05,physics+neural+xgboost,16,2.5483790899445517e-16,0.5076443864208205,0.4923556135791792,0.0
PA_CA0331,CA0331,SRC001,SFC_AA2B954681B3,LIQ_1BD1B94C09,oxide,train,4,3,10.9,36.90633681451596,22.288637,25.502466,48.664323806762695,35.811142014426245,38.37885284423828,52.15575881604366,5.13310239183519,11.264885,-0.035178125,4.489260196685791,yes,delta0.35_unbalanced_rp0.05,physics+neural+xgboost,16,2.5483790899445517e-16,0.5076443864208205,0.4923556135791792,0.0
PA_CA0332,CA0332,SRC001,SFC_AA2B954681B3,LIQ_0F4168490E,oxide,train,4,3,59.1,64.22118282785077,63.939415,67.36739,60.97727509339651,58.70494866639683,41.219488779703774,64.56144756969611,2.69925889682623,11.062778,-0.05606639,4.376800537109375,yes,delta0.35_unbalanced_rp0.05,physics+neural+xgboost,16,2.5483790899445517e-16,0.5076443864208205,0.4923556135791792,0.0
PA_CA0333,CA0333,SRC014,SFC_2D953D8FEA9A,LIQ_0F4168490E,polymer,train,2,3,72.8,78.14386056012437,83.50419,85.07932,70.9930362701416,74.49815478992376,69.55276489257812,71.7994613364924,1.6235013740516535,11.523334,-0.0275231,1.0318312644958496,yes,delta0.35_unbalanced_rp0.05,physics+neural+xgboost,16,2.5483790899445517e-16,0.5076443864208205,0.4923556135791792,0.0
PA_CA0334,CA0334,SRC014,SFC_2D953D8FEA9A,LIQ_6656B41AB7,polymer,train,2,3,43.6,40.65555060286919,67.11301,58.032574,22.73893102010091,34.39727244949081,30.995163599650066,40.138850116860276,1.540915256018524,12.150517,0.1397049,1.0858650207519531,yes,delta0.35_unbalanced_rp0.05,physics+neural+xgboost,16,2.5483790899445517e-16,0.5076443864208205,0.4923556135791792,0.0
PA_CA0335,CA0335,SRC014,SFC_2D953D8FEA9A,LIQ_1BD1B94C09,polymer,train,2,3,55.1,49.75379687429354,44.600365,44.359623,55.3154722849528,52.21422306142197,50.56897226969401,49.361711470562625,2.6786548699948827,11.7280655,-0.0002359245,1.6437214612960815,yes,delta0.35_unbalanced_rp0.05,physics+neural+xgboost,16,2.5483790899445517e-16,0.5076443864208205,0.4923556135791792,0.0
PA_CA0336,CA0336,SRC014,SFC_AD3F4CCED3FF,LIQ_0F4168490E,polymer,train,2,3,105.4,87.87087806159296,94.20904,93.533104,82.0328270594279,83.14543981289914,77.42218271891277,76.22848596321185,1.5231782694777394,11.563683,0.011849522,1.1867302656173706,yes,delta0.35_unbalanced_rp0.05,physics+neural+xgboost,16,2.5483790899445517e-16,0.5076443864208205,0.4923556135791792,0.0
PA_CA0337,CA0337,SRC014,SFC_AD3F4CCED3FF,LIQ_6656B41AB7,polymer,train,2,3,73.3,48.55155976719009,51.80238,49.492336,47.5815699895223,44.1423420376064,51.23021570841471,54.212152313194714,1.8666337471331231,11.985011,0.029334528,1.2804995775222778,yes,delta0.35_unbalanced_rp0.05,physics+neural+xgboost,16,2.5483790899445517e-16,0.5076443864208205,0.4923556135791792,0.0
PA_CA0338,CA0338,SRC014,SFC_AD3F4CCED3FF,LIQ_1BD1B94C09,polymer,train,2,3,75.7,78.95269619885306,84.273415,80.9018,76.9430661201477,76.61694477887094,73.37152353922527,60.36916520464709,1.7255646016382875,11.870187,0.05802098,1.6812195777893066,yes,delta0.35_unbalanced_rp0.05,physics+neural+xgboost,16,2.5483790899445517e-16,0.5076443864208205,0.4923556135791792,0.0
PA_CA0339,CA0339,SRC014,SFC_7311940ACDF8,LIQ_0F4168490E,polymer,train,2,3,96.4,83.96685452003149,89.881966,89.95222,77.79563268025716,81.06944589000703,73.41454823811848,73.50871865009627,1.483768807629028,11.5482,-0.0012356307,1.1779346466064453,yes,delta0.35_unbalanced_rp0.05,physics+neural+xgboost,16,2.5483790899445517e-16,0.5076443864208205,0.4923556135791792,0.0
PA_CA0340,CA0340,SRC014,SFC_7311940ACDF8,LIQ_6656B41AB7,polymer,train,2,3,64.2,45.179132879088094,49.931854,45.186802,45.171225706736244,38.407527100016544,43.78096135457357,49.69722222173141,2.645164974118534,11.96919,0.057744842,1.1998320817947388,yes,delta0.35_unbalanced_rp0.05,physics+neural+xgboost,16,2.5483790899445517e-16,0.5076443864208205,0.4923556135791792,0.0
PA_CA0341,CA0341,SRC014,SFC_7311940ACDF8,LIQ_1BD1B94C09,polymer,train,2,3,68.5,69.3437842165591,73.76816,71.38764,67.2364600499471,69.74545894966552,71.15118153889973,56.7370832001441,1.9471881630490215,11.829132,0.038871597,1.6323919296264648,yes,delta0.35_unbalanced_rp0.05,physics+neural+xgboost,16,2.5483790899445517e-16,0.5076443864208205,0.4923556135791792,0.0
PA_CA0342,CA0342,SRC014,SFC_7A3F6303565B,LIQ_0F4168490E,polymer,train,2,3,92.3,86.19931051336752,91.519325,92.317314,79.89132881164551,82.27561117657918,78.39077504475911,78.02610488909075,1.6545819284791443,11.549085,-0.013866632,1.0759196281433105,yes,delta0.35_unbalanced_rp0.05,physics+neural+xgboost,16,2.5483790899445517e-16,0.5076443864208205,0.4923556135791792,0.0
PA_CA0343,CA0343,SRC014,SFC_7A3F6303565B,LIQ_6656B41AB7,polymer,train,2,3,52.9,44.15867557493598,51.081566,46.01508,42.24462604522705,38.419556407703425,46.617383321126304,47.756020958193,2.8140633209503303,11.981084,0.06317944,1.1732367277145386,yes,delta0.35_unbalanced_rp0.05,physics+neural+xgboost,16,2.5483790899445517e-16,0.5076443864208205,0.4923556135791792,0.0
PA_CA0344,CA0344,SRC014,SFC_7A3F6303565B,LIQ_1BD1B94C09,polymer,train,2,3,65.5,62.498850040530776,66.155205,64.917114,60.0054931640625,63.13124328892412,62.75506464640299,55.633851701324225,2.2022858946661694,11.795075,0.018449372,1.7206393480300903,yes,delta0.35_unbalanced_rp0.05,physics+neural+xgboost,16,2.5483790899445517e-16,0.5076443864208205,0.4923556135791792,0.0
PA_CA0345,CA0345,SRC014,SFC_54D3CCF77E3A,LIQ_0F4168490E,polymer,train,2,3,102.9,86.56765231473506,92.81514,91.422295,81.56226221720378,82.8082843432703,78.02404530843098,72.5941163325435,1.0595283634294566,11.569247,0.024321564,1.398443341255188,yes,delta0.35_unbalanced_rp0.05,physics+neural+xgboost,16,2.5483790899445517e-16,0.5076443864208205,0.4923556135791792,0.0
PA_CA0346,CA0346,SRC014,SFC_54D3CCF77E3A,LIQ_6656B41AB7,polymer,train,2,3,81.9,53.876963885739144,62.570393,56.81885,50.843723932902016,45.59166392445172,49.404336293538414,50.61513757711767,1.9275592183080483,12.028996,0.08496671,1.0455267429351807,yes,delta0.35_unbalanced_rp0.05,physics+neural+xgboost,16,2.5483790899445517e-16,0.5076443864208205,0.4923556135791792,0.0
PA_CA0347,CA0347,SRC014,SFC_54D3CCF77E3A,LIQ_1BD1B94C09,polymer,train,2,3,78.2,79.78433715532508,85.92357,81.79516,77.71107530593872,77.83067769353151,73.5529047648112,56.96874157552671,1.596349584767886,11.88425,0.071361564,1.8035104274749756,yes,delta0.35_unbalanced_rp0.05,physics+neural+xgboost,16,2.5483790899445517e-16,0.5076443864208205,0.4923556135791792,0.0
PA_CA0348,CA0348,SRC014,SFC_66EE1063F64A,LIQ_0F4168490E,polymer,train,2,3,97.4,82.67193797682708,88.63483,88.61096,76.54849370320638,80.33899454116369,73.76245371500652,70.56554143732397,1.457429181915669,11.546356,0.00037468877,1.21479332447052,yes,delta0.35_unbalanced_rp0.05,physics+neural+xgboost,16,2.5483790899445517e-16,0.5076443864208205,0.4923556135791792,0.0
PA_CA0349,CA0349,SRC014,SFC_66EE1063F64A,LIQ_6656B41AB7,polymer,train,2,3,65.5,43.123794398710146,45.977455,41.649406,44.64396549761295,36.63928595509154,44.54846700032552,50.33453084001858,2.885471890841543,11.947407,0.048015162,1.3201793432235718,yes,delta0.35_unbalanced_rp0.05,physics+neural+xgboost,16,2.5483790899445517e-16,0.5076443864208205,0.4923556135791792,0.0
PA_CA0350,CA0350,SRC014,SFC_66EE1063F64A,LIQ_1BD1B94C09,polymer,train,2,3,68.0,70.60969757024746,75.06745,72.55224,68.60683631896973,71.10718528706208,71.71426137288411,57.104131692812125,1.9227335990904433,11.8342905,0.041449327,1.6314257383346558,yes,delta0.35_unbalanced_rp0.05,physics+neural+xgboost,16,2.5483790899445517e-16,0.5076443864208205,0.4923556135791792,0.0
PA_CA0351,CA0351,SRC014,SFC_7D389175DB70,LIQ_0F4168490E,polymer,train,2,3,90.3,86.84277031939182,93.10309,92.76303,80.73867193857829,83.21182423373308,78.63683064778645,77.00302009069354,1.5875125045399545,11.55854,0.005989106,1.1549772024154663,yes,delta0.35_unbalanced_rp0.05,physics+neural+xgboost,16,2.5483790899445517e-16,0.5076443864208205,0.4923556135791792,0.0
PA_CA0352,CA0352,SRC014,SFC_7D389175DB70,LIQ_6656B41AB7,polymer,train,2,3,69.1,61.579214380757634,74.517044,66.73602,56.262275060017906,48.73189834492357,54.9986826578776,42.61594791700629,1.5051749150492872,12.12477,0.12730634,1.0876688957214355,yes,delta0.35_unbalanced_rp0.05,physics+neural+xgboost,16,2.5483790899445517e-16,0.5076443864208205,0.4923556135791792,0.0
PA_CA0353,CA0353,SRC014,SFC_7D389175DB70,LIQ_1BD1B94C09,polymer,train,2,3,73.1,65.70009180765545,70.8427,67.87219,63.46054251988729,65.96696436743865,66.63614145914714,50.589980483358374,1.7642944497404063,11.83137,0.047650248,1.6878453493118286,yes,delta0.35_unbalanced_rp0.05,physics+neural+xgboost,16,2.5483790899445517e-16,0.5076443864208205,0.4923556135791792,0.0
PA_CA0354,CA0354,SRC014,SFC_B1FAE164CF82,LIQ_0F4168490E,polymer,train,2,3,81.0,79.8235782541055,84.823746,86.669106,72.7654816309611,75.85125809727438,71.24898020426433,74.75525352395418,1.6451940081187255,11.526272,-0.032247603,1.0142637491226196,yes,delta0.35_unbalanced_rp0.05,physics+neural+xgboost,16,2.5483790899445517e-16,0.5076443864208205,0.4923556135791792,0.0
PA_CA0355,CA0355,SRC014,SFC_B1FAE164CF82,LIQ_6656B41AB7,polymer,train,2,3,37.8,42.05809150401058,48.043312,42.28679,41.822292486826576,37.45271981111697,40.07745615641276,44.10380952473986,2.8988835710413485,11.989921,0.06782442,1.2348188161849976,yes,delta0.35_unbalanced_rp0.05,physics+neural+xgboost,16,2.5483790899445517e-16,0.5076443864208205,0.4923556135791792,0.0
PA_CA0356,CA0356,SRC014,SFC_B1FAE164CF82,LIQ_1BD1B94C09,polymer,train,2,3,54.4,52.268443143681694,50.739212,51.23071,53.33840123812357,51.8888952798438,53.90603510538737,51.489071045862595,2.739109801318706,11.733162,-0.009256547,1.6356147527694702,yes,delta0.35_unbalanced_rp0.05,physics+neural+xgboost,16,2.5483790899445517e-16,0.5076443864208205,0.4923556135791792,0.0
PA_CA0357,CA0357,SRC014,SFC_F13264E1CC9A,LIQ_0F4168490E,polymer,train,2,3,75.2,49.2868807866214,69.80492,69.63659,28.305267333984375,48.74918013511044,37.941515604654946,60.09307366996907,1.2815430730347845,11.519542,0.0023416937,1.7228957414627075,yes,delta0.35_unbalanced_rp0.05,physics+neural+xgboost,16,2.5483790899445517e-16,0.5076443864208205,0.4923556135791792,0.0
PA_CA0358,CA0358,SRC014,SFC_F13264E1CC9A,LIQ_6656B41AB7,polymer,train,2,3,61.1,43.62006664781117,49.59956,42.893383,44.36931546529134,39.10692189087738,35.56523640950521,42.69998521145855,2.7704046550353683,12.019164,0.081651956,1.1952238082885742,yes,delta0.35_unbalanced_rp0.05,physics+neural+xgboost,16,2.5483790899445517e-16,0.5076443864208205,0.4923556135791792,0.0
PA_CA0359,CA0359,SRC014,SFC_F13264E1CC9A,LIQ_1BD1B94C09,polymer,train,2,3,49.5,52.080883298767205,54.502163,51.6756,52.49875348806381,53.07721551027092,50.17189280192057,47.80952567339437,1.6189312113330339,11.792957,0.03767335,1.9025448560714722,yes,delta0.35_unbalanced_rp0.05,physics+neural+xgboost,16,2.5483790899445517e-16,0.5076443864208205,0.4923556135791792,0.0
PA_CA0360,CA0360,SRC020,SFC_9D7026B7F20A,LIQ_0F4168490E,oxide,validation,2,2,89.2,95.60330963134766,97.689156,95.60331,96.50730220476787,95.72848557541342,99.76812489827473,92.8889933943301,0.5770527892096536,11.325252,0.0361632,0.4117850065231323,yes,delta0.35_balanced_rp0.02,physics+neural,12,0.0,1.0,0.0,0.0
PA_CA0361,CA0361,SRC020,SFC_9D7026B7F20A,LIQ_1BD1B94C09,oxide,validation,2,2,68.8,61.55421829223633,61.65194,61.55422,54.319471995035805,59.17816671648226,59.239602406819664,61.44872667869297,1.017643792099924,11.264648,0.0014252067,1.4818158149719238,yes,delta0.35_balanced_rp0.02,physics+neural,12,0.0,1.0,0.0,0.0
PA_CA0362,CA0362,SRC020,SFC_9D7026B7F20A,LIQ_6656B41AB7,oxide,validation,2,2,47.7,63.58738327026367,66.31629,63.587383,56.66424147288004,58.86519469399682,55.440531412760414,58.48443890901091,1.2249638604245108,11.38575,0.04304269,0.6925773024559021,yes,delta0.35_balanced_rp0.02,physics+neural,12,0.0,1.0,0.0,0.0
PA_CA0363,CA0363,SRC020,SFC_3BF005A262A4,LIQ_0F4168490E,oxide,validation,2,2,70.2,86.63894653320312,86.915596,86.63895,82.7832260131836,83.68573614356227,80.33102162679036,85.06378628829493,0.1406705543475947,11.1610565,0.004820543,0.6557332873344421,yes,delta0.35_balanced_rp0.02,physics+neural,12,0.0,1.0,0.0,0.0
PA_CA0364,CA0364,SRC020,SFC_3BF005A262A4,LIQ_1BD1B94C09,oxide,validation,2,2,51.2,38.64907455444336,32.339397,38.649075,36.8712854385376,35.41840858244204,48.878403981526695,54.266197690927946,1.4223887437707614,11.047183,-0.064148575,1.5726783275604248,yes,delta0.35_balanced_rp0.02,physics+neural,12,0.0,1.0,0.0,0.0
PA_CA0365,CA0365,SRC020,SFC_3BF005A262A4,LIQ_6656B41AB7,oxide,validation,2,2,15.5,61.255706787109375,63.86885,61.255707,47.756312688191734,49.48227393854375,46.148057301839195,54.02802994309127,2.437860428968711,11.32648,0.040031694,0.835191547870636,yes,delta0.35_balanced_rp0.02,physics+neural,12,0.0,1.0,0.0,0.0
PA_CA0366,CA0366,SRC020,SFC_5EBD6486C99B,LIQ_0F4168490E,oxide,validation,2,2,56.0,77.3169174194336,76.454926,77.31692,72.76148692766826,73.08219127011141,67.8818359375,79.96906675694242,0.4992376800581354,11.128288,-0.014660396,0.8103411793708801,yes,delta0.35_balanced_rp0.02,physics+neural,12,0.0,1.0,0.0,0.0
PA_CA0367,CA0367,SRC020,SFC_5EBD6486C99B,LIQ_1BD1B94C09,oxide,validation,2,2,39.4,28.045753479003906,0.0,28.045753,0.0,0.4323282548290818,40.47925313313802,52.27816928650734,3.6395652083228547,10.948052,-0.11920539,1.9989131689071655,yes,delta0.35_balanced_rp0.02,physics+neural,12,0.0,1.0,0.0,0.0
PA_CA0368,CA0368,SRC020,SFC_5EBD6486C99B,LIQ_6656B41AB7,oxide,validation,2,2,10.7,64.05453491210938,67.30257,64.054535,33.62853240966797,49.50972439365123,43.96943791707357,53.383907311533164,4.02317057531596,11.402069,0.050537225,1.7462739944458008,yes,delta0.35_balanced_rp0.02,physics+neural,12,0.0,1.0,0.0,0.0
PA_CA0369,CA0369,SRC020,SFC_8C9D5E267A39,LIQ_0F4168490E,oxide,validation,2,2,61.5,82.44290924072266,82.196075,82.44291,77.3225146929423,78.61059529225967,72.78270467122395,81.74812433969551,0.2522442821971434,11.144502,-0.0042707357,0.7171947956085205,yes,delta0.35_balanced_rp0.02,physics+neural,12,0.0,1.0,0.0,0.0
PA_CA0370,CA0370,SRC020,SFC_8C9D5E267A39,LIQ_1BD1B94C09,oxide,validation,2,2,45.9,30.000030517578125,16.774866,30.00003,33.69304529825846,23.735095024326103,46.08063252766927,53.01148792501264,2.7458514668206098,10.999943,-0.09241444,1.6666241884231567,yes,delta0.35_balanced_rp0.02,physics+neural,12,0.0,1.0,0.0,0.0
PA_CA0371,CA0371,SRC020,SFC_8C9D5E267A39,LIQ_6656B41AB7,oxide,validation,2,2,11.7,65.95439910888672,69.36742,65.9544,37.49101257324219,51.43419381214455,44.21951421101888,53.74683642588923,3.4966254129909524,11.394569,0.05430774,1.1352084875106812,yes,delta0.35_balanced_rp0.02,physics+neural,12,0.0,1.0,0.0,0.0
PA_CA0372,CA0372,SRC020,SFC_9EBDC478F1D0,LIQ_0F4168490E,oxide,validation,2,2,0.1,60.3824462890625,56.84688,60.382446,51.038027922312416,50.3582978229208,55.35242462158203,73.05402072838496,2.4292769359438835,11.173972,-0.053120036,2.216768741607666,yes,delta0.35_balanced_rp0.02,physics+neural,12,0.0,1.0,0.0,0.0
PA_CA0373,CA0373,SRC020,SFC_9EBDC478F1D0,LIQ_1BD1B94C09,oxide,validation,2,2,0.1,25.677942276000977,0.0,25.677942,0.0,0.0,40.02131271362305,51.955400050263336,12.155541155264968,11.143368,-0.119357705,5.251111030578613,yes,delta0.35_balanced_rp0.02,physics+neural,12,0.0,1.0,0.0,0.0
PA_CA0374,CA0374,SRC020,SFC_9EBDC478F1D0,LIQ_6656B41AB7,oxide,validation,2,2,17.6,77.34221649169922,83.04147,77.34222,37.037794748942055,56.30951869652222,49.19210688273112,55.21609236458061,7.080768803618012,11.80671,0.09608987,8.392521858215332,yes,delta0.35_balanced_rp0.02,physics+neural,12,0.0,1.0,0.0,0.0
PA_CA0375,CA0375,SRC020,SFC_500FB1C18BA7,LIQ_0F4168490E,oxide,validation,2,2,0.1,58.80665969848633,55.594173,58.80666,51.96100910504659,48.22810230648633,55.80687586466471,73.20139070935569,2.4844528343636414,11.100941,-0.04761677,2.375102996826172,yes,delta0.35_balanced_rp0.02,physics+neural,12,0.0,1.0,0.0,0.0
PA_CA0376,CA0376,SRC020,SFC_500FB1C18BA7,LIQ_1BD1B94C09,oxide,validation,2,2,0.1,23.6608829498291,0.0,23.660883,0.0,0.0,40.01686477661133,52.143619934365056,13.933678492171085,11.075709,-0.11157036,5.3520588874816895,yes,delta0.35_balanced_rp0.02,physics+neural,12,0.0,1.0,0.0,0.0
PA_CA0377,CA0377,SRC020,SFC_500FB1C18BA7,LIQ_6656B41AB7,oxide,validation,2,2,23.1,77.04966735839844,83.04147,77.04967,37.037794748942055,55.83550346249702,49.19210688273112,55.4291722104509,6.8688356081376325,11.719583,0.10115126,8.392521858215332,yes,delta0.35_balanced_rp0.02,physics+neural,12,0.0,1.0,0.0,0.0
PA_CA0378,CA0378,SRC020,SFC_463017990582,LIQ_0F4168490E,oxide,validation,2,2,0.1,59.72050857543945,56.496223,59.72051,51.42878850301107,49.92011270978281,55.604139963785805,73.28300151485092,2.2573117071514295,11.09592,-0.04816958,2.2656097412109375,yes,delta0.35_balanced_rp0.02,physics+neural,12,0.0,1.0,0.0,0.0
PA_CA0379,CA0379,SRC020,SFC_463017990582,LIQ_1BD1B94C09,oxide,validation,2,2,0.1,24.966888427734375,0.0,24.966888,0.0,0.0,40.02131271362305,52.18587056852215,12.2645366890697,11.0671835,-0.11453703,5.281849384307861,yes,delta0.35_balanced_rp0.02,physics+neural,12,0.0,1.0,0.0,0.0
PA_CA0380,CA0380,SRC020,SFC_463017990582,LIQ_6656B41AB7,oxide,validation,2,2,19.3,77.04966735839844,83.04147,77.04967,37.037794748942055,55.83550346249702,49.19210688273112,55.4291722104509,6.8688356081376325,11.719583,0.10115126,8.392521858215332,yes,delta0.35_balanced_rp0.02,physics+neural,12,0.0,1.0,0.0,0.0
PA_CA0381,CA0381,SRC020,SFC_EA6FE64D72B2,LIQ_0F4168490E,oxide,validation,2,2,0.1,58.96211242675781,55.747505,58.962112,52.11434086163839,49.1016025852259,55.80687586466471,73.24752726888144,2.4452611326313356,11.10008,-0.047711954,2.349508762359619,yes,delta0.35_balanced_rp0.02,physics+neural,12,0.0,1.0,0.0,0.0
PA_CA0382,CA0382,SRC020,SFC_EA6FE64D72B2,LIQ_1BD1B94C09,oxide,validation,2,2,0.1,23.947072982788086,0.0,23.947073,0.0,0.0,40.01686477661133,52.16060882435596,13.559638628759853,11.074267,-0.11207191,5.35554838180542,yes,delta0.35_balanced_rp0.02,physics+neural,12,0.0,1.0,0.0,0.0
PA_CA0383,CA0383,SRC020,SFC_EA6FE64D72B2,LIQ_6656B41AB7,oxide,validation,2,2,22.5,77.04966735839844,83.04147,77.04967,37.037794748942055,55.83550346249702,49.19210688273112,55.4291722104509,6.8688356081376325,11.719583,0.10115126,8.392521858215332,yes,delta0.35_balanced_rp0.02,physics+neural,12,0.0,1.0,0.0,0.0
PA_CA0384,CA0384,SRC004,SFC_1959CDFDAA85,LIQ_0F4168490E,oxide,train,2,1,106.0,114.2097157263848,107.754684,110.45725,114.45485750834148,100.05183025251313,114.88188171386719,84.68713151620089,0.19529590877757855,9.637075,-0.04404545,0.9172831177711487,yes,delta0.35_balanced_rp0.02,physics+neural+xgboost,10,0.0,0.06132216204324308,0.938677837956757,0.0
PA_CA0385,CA0385,SRC004,SFC_1959CDFDAA85,LIQ_53310FAFB3,oxide,train,2,1,79.0,58.49592742289294,77.412094,74.90777,57.423770904541016,68.01396596198843,51.0980593363444,50.21679955517311,0.6781530443175883,9.704392,0.04181595,1.3849471807479858,yes,delta0.35_balanced_rp0.02,physics+neural+xgboost,10,0.0,0.06132216204324308,0.938677837956757,0.0
PA_CA0386,CA0386,SRC004,SFC_1959CDFDAA85,LIQ_6656B41AB7,oxide,train,2,1,63.0,48.649595810541264,67.54671,62.5124,47.74396324157715,39.37077027331413,42.936238606770836,40.83473502729243,1.2667900643573533,9.759149,0.078282155,0.8166917562484741,yes,delta0.35_balanced_rp0.02,physics+neural+xgboost,10,0.0,0.06132216204324308,0.938677837956757,0.0
PA_CA0387,CA0387,SRC004,SFC_309E17907FBA,LIQ_0F4168490E,oxide,train,2,1,104.0,111.00860894102625,105.17148,107.87165,111.21354087193806,96.96273355978855,99.3923823038737,81.40596339257127,0.0707208557157201,9.635407,-0.044736873,0.9178256988525391,yes,delta0.35_balanced_rp0.02,physics+neural+xgboost,10,0.0,0.06132216204324308,0.938677837956757,0.0
PA_CA0388,CA0388,SRC004,SFC_309E17907FBA,LIQ_53310FAFB3,oxide,train,2,1,77.0,57.13201376321393,75.92049,73.4194,56.0679874420166,66.32191033448704,50.65743509928385,49.80064309346333,0.8695491471383393,9.703967,0.041405335,1.3725056648254395,yes,delta0.35_balanced_rp0.02,physics+neural+xgboost,10,0.0,0.06132216204324308,0.938677837956757,0.0
PA_CA0389,CA0389,SRC004,SFC_309E17907FBA,LIQ_6656B41AB7,oxide,train,2,1,64.0,47.53923970413785,67.06321,61.99583,46.59481620788574,39.20427622896042,42.450799306233726,40.25273895404817,0.985421054010918,9.758957,0.07844468,0.7928358912467957,yes,delta0.35_balanced_rp0.02,physics+neural+xgboost,10,0.0,0.06132216204324308,0.938677837956757,0.0
PA_CA0390,CA0390,SRC004,SFC_3658FB055001,LIQ_0F4168490E,oxide,train,2,1,105.0,113.2110772242291,107.37295,110.08941,113.41501029332478,99.44780318782337,110.7178446451823,83.45482991499706,0.07410966871411957,9.637128,-0.044387624,0.9487906694412231,yes,delta0.35_balanced_rp0.02,physics+neural+xgboost,10,0.0,0.06132216204324308,0.938677837956757,0.0
PA_CA0391,CA0391,SRC004,SFC_3658FB055001,LIQ_53310FAFB3,oxide,train,2,1,79.0,57.93209791130287,76.84264,74.34819,56.85966364542643,67.0888223510208,50.65743509928385,50.13751105549361,0.796514871703475,9.704608,0.041518394,1.39418625831604,yes,delta0.35_balanced_rp0.02,physics+neural+xgboost,10,0.0,0.06132216204324308,0.938677837956757,0.0
PA_CA0392,CA0392,SRC004,SFC_3658FB055001,LIQ_6656B41AB7,oxide,train,2,1,64.0,51.352606113075915,70.08814,65.164314,50.4503116607666,40.541507929121764,48.042213439941406,40.32188939047738,1.2152795829249277,9.763462,0.078277715,0.8517230749130249,yes,delta0.35_balanced_rp0.02,physics+neural+xgboost,10,0.0,0.06132216204324308,0.938677837956757,0.0
PA_CA0393,CA0393,SRC004,SFC_AE86A39F2CBE,LIQ_0F4168490E,oxide,train,2,1,107.0,110.34195180983139,104.46143,107.141136,110.55105543136597,96.26147223491512,99.83300272623698,81.27700079997402,0.1358224826614847,9.634449,-0.04457878,0.8734288215637207,yes,delta0.35_balanced_rp0.02,physics+neural+xgboost,10,0.0,0.06132216204324308,0.938677837956757,0.0
PA_CA0394,CA0394,SRC004,SFC_AE86A39F2CBE,LIQ_53310FAFB3,oxide,train,2,1,76.0,59.40404886109523,78.319984,75.81943,58.331661224365234,68.80138014299835,51.075313568115234,50.04976085390729,0.6772303738643075,9.705131,0.041955147,1.4007090330123901,yes,delta0.35_balanced_rp0.02,physics+neural+xgboost,10,0.0,0.06132216204324308,0.938677837956757,0.0
PA_CA0395,CA0395,SRC004,SFC_AE86A39F2CBE,LIQ_6656B41AB7,oxide,train,2,1,63.0,39.90955788521958,56.569122,50.8111,39.19737943013509,39.53687502879314,43.66683451334635,48.10308354793085,1.108900699389928,9.77905,0.07924583,1.8327313661575317,yes,delta0.35_balanced_rp0.02,physics+neural+xgboost,10,0.0,0.06132216204324308,0.938677837956757,0.0
PA_CA0396,CA0396,SRC004,SFC_1A55A8F9BE53,LIQ_0F4168490E,oxide,train,2,1,111.0,110.36478231720481,104.83427,107.50057,110.55189609527588,97.1007180315064,100.9746831258138,81.6815472805116,0.1467152318687693,9.634289,-0.044260353,0.8442563414573669,yes,delta0.35_balanced_rp0.02,physics+neural+xgboost,10,0.0,0.06132216204324308,0.938677837956757,0.0
PA_CA0397,CA0397,SRC004,SFC_1A55A8F9BE53,LIQ_53310FAFB3,oxide,train,2,1,76.0,59.2255349232983,80.83783,78.50333,57.96615091959635,66.59399575059341,50.90239588419596,55.141045307089314,0.788884209255128,9.735194,0.039739568,2.2531049251556396,yes,delta0.35_balanced_rp0.02,physics+neural+xgboost,10,0.0,0.06132216204324308,0.938677837956757,0.0
PA_CA0398,CA0398,SRC004,SFC_1A55A8F9BE53,LIQ_6656B41AB7,oxide,train,2,1,62.0,43.73515487119153,60.726795,55.656612,42.956347147623696,41.841716023716025,44.59579213460287,46.76152192348044,0.6132392065709231,9.775809,0.07378486,1.8567982912063599,yes,delta0.35_balanced_rp0.02,physics+neural+xgboost,10,0.0,0.06132216204324308,0.938677837956757,0.0
PA_CA0399,CA0399,SRC004,SFC_E53F0A6F08A0,LIQ_0F4168490E,oxide,train,2,1,112.0,116.629962409293,110.66827,113.51465,116.83348035812378,107.50470641504167,115.91845703125,97.7916632088331,0.3171535283391567,9.663094,-0.0456536,2.0212464332580566,yes,delta0.35_balanced_rp0.02,physics+neural+xgboost,10,0.0,0.06132216204324308,0.938677837956757,0.0
PA_CA0400,CA0400,SRC004,SFC_E53F0A6F08A0,LIQ_53310FAFB3,oxide,train,2,1,83.0,61.07632070669441,82.84902,80.52023,59.806084314982094,67.86983504787939,50.78337097167969,55.68044970808052,0.8471657663329915,9.739724,0.03994066,2.32627010345459,yes,delta0.35_balanced_rp0.02,physics+neural+xgboost,10,0.0,0.06132216204324308,0.938677837956757,0.0
PA_CA0401,CA0401,SRC004,SFC_E53F0A6F08A0,LIQ_6656B41AB7,oxide,train,2,1,65.0,45.97903434100379,67.16846,62.174213,44.9210319519043,39.97147463239872,42.26078542073568,46.956370856902545,1.7535017979840335,9.79488,0.07780277,1.8312894105911255,yes,delta0.35_balanced_rp0.02,physics+neural+xgboost,10,0.0,0.06132216204324308,0.938677837956757,0.0
PA_CA0402,CA0402,SRC004,SFC_2A9E0C34389A,LIQ_0F4168490E,oxide,train,2,1,111.0,116.53135884319519,110.36277,113.12226,116.75406916936238,102.90558599643646,114.54740651448567,85.39008597324101,0.23057052537766207,9.640092,-0.044123594,1.020850658416748,yes,delta0.35_balanced_rp0.02,physics+neural+xgboost,10,0.0,0.06132216204324308,0.938677837956757,0.0
PA_CA0403,CA0403,SRC004,SFC_2A9E0C34389A,LIQ_53310FAFB3,oxide,train,2,1,82.0,60.577444571872896,82.3562,79.928665,59.313263575236,67.80679177810727,50.74090830485026,55.37692832579547,0.8468073287435987,9.741634,0.04156974,2.3044872283935547,yes,delta0.35_balanced_rp0.02,physics+neural+xgboost,10,0.0,0.06132216204324308,0.938677837956757,0.0
PA_CA0404,CA0404,SRC004,SFC_2A9E0C34389A,LIQ_6656B41AB7,oxide,train,2,1,65.0,44.556657165107744,65.441574,60.325512,43.52650578816732,39.88859803499589,43.68582534790039,47.225293852074685,1.710842654717032,9.793169,0.07839888,1.819048285484314,yes,delta0.35_balanced_rp0.02,physics+neural+xgboost,10,0.0,0.06132216204324308,0.938677837956757,0.0
PA_CA0405,CA0405,SRC004,SFC_4CE305FCECB9,LIQ_0F4168490E,oxide,train,2,1,108.0,117.24507311487548,111.45918,114.31085,117.43676058451335,108.03738641923826,115.00253295898438,97.75396933954683,0.4459761523192078,9.665681,-0.0454624,2.0587124824523926,yes,delta0.35_balanced_rp0.02,physics+neural+xgboost,10,0.0,0.06132216204324308,0.938677837956757,0.0
PA_CA0406,CA0406,SRC004,SFC_4CE305FCECB9,LIQ_53310FAFB3,oxide,train,2,1,84.0,61.51411043036152,80.60604,78.16668,60.42622756958008,69.6692212565294,49.81249491373698,49.93809439013179,0.7800143750345386,9.709285,0.04137418,1.5455873012542725,yes,delta0.35_balanced_rp0.02,physics+neural+xgboost,10,0.0,0.06132216204324308,0.938677837956757,0.0
PA_CA0407,CA0407,SRC004,SFC_4CE305FCECB9,LIQ_6656B41AB7,oxide,train,2,1,67.0,54.12344147144517,76.418724,71.7322,52.97309239705404,46.38474518274405,48.59355672200521,41.018666358604264,0.9645505168206069,9.772068,0.07784138,1.0336670875549316,yes,delta0.35_balanced_rp0.02,physics+neural+xgboost,10,0.0,0.06132216204324308,0.938677837956757,0.0
PA_CA0408,CA0408,SRC004,SFC_B4F56FFE60FB,LIQ_0F4168490E,oxide,train,2,1,109.0,116.12737742543104,110.168236,112.97296,116.33344984054565,107.07108656951611,115.91845703125,97.73631376069265,0.31715478121717333,9.6624365,-0.045155928,1.997518539428711,yes,delta0.35_balanced_rp0.02,physics+neural+xgboost,10,0.0,0.06132216204324308,0.938677837956757,0.0
PA_CA0409,CA0409,SRC004,SFC_B4F56FFE60FB,LIQ_53310FAFB3,oxide,train,2,1,82.0,60.687071828104685,80.45426,77.97224,59.55786259969076,70.35123242912704,50.736071268717446,50.20865528544534,0.8079691311654613,9.707532,0.04207186,1.4689090251922607,yes,delta0.35_balanced_rp0.02,physics+neural+xgboost,10,0.0,0.06132216204324308,0.938677837956757,0.0
PA_CA0410,CA0410,SRC004,SFC_B4F56FFE60FB,LIQ_6656B41AB7,oxide,train,2,1,64.0,49.49471181297802,68.43541,63.45282,48.58285331726074,39.60752375663342,42.936238606770836,41.30967222148147,1.1992310883965196,9.759951,0.07810012,0.8477631211280823,yes,delta0.35_balanced_rp0.02,physics+neural+xgboost,10,0.0,0.06132216204324308,0.938677837956757,0.0
PA_CA0411,CA0411,SRC004,SFC_572551235161,LIQ_0F4168490E,oxide,train,2,1,107.0,115.89700210646055,109.891045,112.73121,116.10381778081258,106.63058822906714,116.31444040934245,97.47921863175729,0.31070027583018844,9.660546,-0.045815375,1.9859302043914795,yes,delta0.35_balanced_rp0.02,physics+neural+xgboost,10,0.0,0.06132216204324308,0.938677837956757,0.0
PA_CA0412,CA0412,SRC004,SFC_572551235161,LIQ_53310FAFB3,oxide,train,2,1,82.0,59.40404886109523,78.319984,75.81943,58.331661224365234,68.80138014299835,51.075313568115234,50.04976085390729,0.6772303738643075,9.705131,0.041955147,1.4007090330123901,yes,delta0.35_balanced_rp0.02,physics+neural+xgboost,10,0.0,0.06132216204324308,0.938677837956757,0.0
PA_CA0413,CA0413,SRC004,SFC_572551235161,LIQ_6656B41AB7,oxide,train,2,1,63.0,54.251670101118734,73.38615,68.598785,53.314398447672524,43.79198893003457,48.37731679280599,40.662523357887046,1.136245070610953,9.767884,0.078013465,0.9436718821525574,yes,delta0.35_balanced_rp0.02,physics+neural+xgboost,10,0.0,0.06132216204324308,0.938677837956757,0.0
PA_CA0414,CA0414,SRC004,SFC_7E0BA3D04E9B,LIQ_0F4168490E,oxide,train,2,1,112.0,118.37210576056475,112.12825,115.21975,118.57804361979167,109.12186476163726,120.19478861490886,98.34197776099035,0.31462250778334233,9.661605,-0.048998337,2.0955007076263428,yes,delta0.35_balanced_rp0.02,physics+neural+xgboost,10,0.0,0.06132216204324308,0.938677837956757,0.0
PA_CA0415,CA0415,SRC004,SFC_7E0BA3D04E9B,LIQ_53310FAFB3,oxide,train,2,1,87.0,61.7143319850819,83.878174,81.48415,60.422804514567055,68.59509027785992,50.03876749674479,57.38228895439092,0.7506405279488647,9.744096,0.041199233,2.3626821041107178,yes,delta0.35_balanced_rp0.02,physics+neural+xgboost,10,0.0,0.06132216204324308,0.938677837956757,0.0
PA_CA0416,CA0416,SRC004,SFC_7E0BA3D04E9B,LIQ_6656B41AB7,oxide,train,2,1,67.0,53.4819427169022,75.07998,70.36664,52.37889544169108,45.53940214797254,49.043740590413414,42.19636296760473,0.9740453916584166,9.769183,0.07765851,1.0170971155166626,yes,delta0.35_balanced_rp0.02,physics+neural+xgboost,10,0.0,0.06132216204324308,0.938677837956757,0.0
PA_CA0417,CA0417,SRC004,SFC_AE01D8CAA284,LIQ_0F4168490E,oxide,train,2,1,115.0,118.70506259110743,112.35248,115.52512,118.9128023783366,109.49872394022668,120.32319895426433,98.43297775895583,0.40580410556713314,9.660191,-0.05018274,2.103060245513916,yes,delta0.35_balanced_rp0.02,physics+neural+xgboost,10,0.0,0.06132216204324308,0.938677837956757,0.0
PA_CA0418,CA0418,SRC004,SFC_AE01D8CAA284,LIQ_53310FAFB3,oxide,train,2,1,88.0,63.33545868957501,85.32958,83.22646,62.036014556884766,70.42544770729181,54.009273529052734,58.43151408237696,0.3602155697981191,9.737997,0.03632858,2.380840539932251,yes,delta0.35_balanced_rp0.02,physics+neural+xgboost,10,0.0,0.06132216204324308,0.938677837956757,0.0
PA_CA0419,CA0419,SRC004,SFC_AE01D8CAA284,LIQ_6656B41AB7,oxide,train,2,1,67.0,53.05454919119613,73.68835,68.95156,52.01602554321289,45.55206240572335,48.1879768371582,47.88923164766239,1.7890303492222408,9.805107,0.07764173,1.9325785636901855,yes,delta0.35_balanced_rp0.02,physics+neural+xgboost,10,0.0,0.06132216204324308,0.938677837956757,0.0
PA_CA0420,CA0420,SRC004,SFC_2E8A7F435ADF,LIQ_0F4168490E,oxide,train,2,1,98.0,111.3565854726633,102.77009,105.23969,111.75619125366211,102.8716487701139,118.76885986328125,98.02592260541805,0.434812780367309,9.642804,-0.04157686,1.763223648071289,yes,delta0.35_balanced_rp0.02,physics+neural+xgboost,10,0.0,0.06132216204324308,0.938677837956757,0.0
PA_CA0421,CA0421,SRC004,SFC_2E8A7F435ADF,LIQ_53310FAFB3,oxide,train,2,1,69.0,55.57117823008767,63.92451,61.018482,55.21531550089518,62.10068748766196,55.247615814208984,51.495536269004624,0.552004045463253,9.680736,0.043534767,0.7073031067848206,yes,delta0.35_balanced_rp0.02,physics+neural+xgboost,10,0.0,0.06132216204324308,0.938677837956757,0.0
PA_CA0422,CA0422,SRC004,SFC_2E8A7F435ADF,LIQ_6656B41AB7,oxide,train,2,1,45.0,42.95971575553708,60.56403,55.07306,42.16837247212728,40.28020073942042,41.12133661905924,40.646852615566864,0.9569825908855742,9.750259,0.07916286,0.6048532128334045,yes,delta0.35_balanced_rp0.02,physics+neural+xgboost,10,0.0,0.06132216204324308,0.938677837956757,0.0
PA_CA0423,CA0423,SRC004,SFC_9E9E03484254,LIQ_0F4168490E,oxide,train,2,1,109.0,115.43253248022503,108.873505,115.06818,115.45633522669475,103.19601589807348,118.98250579833984,95.88960774513697,0.27055938601928303,9.788674,-0.09988911,0.9312675595283508,yes,delta0.35_balanced_rp0.02,physics+neural+xgboost,10,0.0,0.06132216204324308,0.938677837956757,0.0
PA_CA0424,CA0424,SRC004,SFC_9E9E03484254,LIQ_53310FAFB3,oxide,train,2,1,80.0,61.18947341961151,80.11245,80.96478,59.89758745829264,74.47149392053302,57.44827779134115,67.1747650738015,0.4672486477390391,9.857272,-0.014827952,1.4322713613510132,yes,delta0.35_balanced_rp0.02,physics+neural+xgboost,10,0.0,0.06132216204324308,0.938677837956757,0.0
PA_CA0425,CA0425,SRC004,SFC_9E9E03484254,LIQ_6656B41AB7,oxide,train,2,1,63.0,44.68276907318553,62.669304,61.10892,43.60967763264974,43.01032135328152,49.75833638509115,60.53406205789133,0.83987103105484,9.902637,0.02316692,0.7310624718666077,yes,delta0.35_balanced_rp0.02,physics+neural+xgboost,10,0.0,0.06132216204324308,0.938677837956757,0.0
PA_CA0426,CA0426,SRC004,SFC_977322D0A384,LIQ_0F4168490E,oxide,train,2,1,110.0,115.74450484323327,109.227295,115.46804,115.76256577173869,103.59599484625853,118.64803059895833,95.8783396065623,0.33485710241768335,9.789665,-0.10035732,1.0066747665405273,yes,delta0.35_balanced_rp0.02,physics+neural+xgboost,10,0.0,0.06132216204324308,0.938677837956757,0.0
PA_CA0427,CA0427,SRC004,SFC_977322D0A384,LIQ_53310FAFB3,oxide,train,2,1,81.0,62.637732470909775,81.68157,82.54543,61.337197621663414,75.59859809993779,57.11379750569662,67.35562955905404,0.5763914874432485,9.859736,-0.015062752,1.5211060047149658,yes,delta0.35_balanced_rp0.02,physics+neural+xgboost,10,0.0,0.06132216204324308,0.938677837956757,0.0
PA_CA0428,CA0428,SRC004,SFC_977322D0A384,LIQ_6656B41AB7,oxide,train,2,1,65.0,44.092857875503405,63.685947,62.150776,42.91316604614258,43.60530817667921,49.11699549357096,67.43611661182628,1.6187782626692413,9.944063,0.023425711,1.8124767541885376,yes,delta0.35_balanced_rp0.02,physics+neural+xgboost,10,0.0,0.06132216204324308,0.938677837956757,0.0
PA_CA0429,CA0429,SRC016,SFC_D23857573968,LIQ_0F4168490E,cellulose,train,2,1,95.1,72.89560989482604,87.41768,80.44786,72.4022347132365,77.20392896755838,69.21431986490886,74.61899852014339,1.1226296714335118,212.27031,0.11599454,739.811279296875,yes,delta0.35_balanced_rp0.02,physics+neural+xgboost,10,0.0,0.06132216204324308,0.938677837956757,0.0
PA_CA0430,CA0430,SRC016,SFC_D23857573968,LIQ_6656B41AB7,cellulose,train,2,1,31.4,23.280589295422338,0.0,16.501438,23.723459243774414,0.0,43.864996592203774,50.45433897025547,1.177293567840341,211.38728,0.11675969,739.8159790039062,yes,delta0.35_balanced_rp0.02,physics+neural+xgboost,10,0.0,0.06132216204324308,0.938677837956757,0.0
PA_CA0431,CA0431,SRC016,SFC_D23857573968,LIQ_53310FAFB3,cellulose,train,2,1,48.3,48.41394803337428,57.232563,44.343197,48.67988300323486,57.515643023517136,52.92611821492513,55.060847991912794,0.3694617384551664,211.8184,0.116624266,739.8115234375,yes,delta0.35_balanced_rp0.02,physics+neural+xgboost,10,0.0,0.06132216204324308,0.938677837956757,0.0
PA_CA0432,CA0432,SRC016,SFC_CDEB89D989AC,LIQ_0F4168490E,cellulose,train,2,1,88.7,75.75913713632178,89.72073,82.87266,75.29442342122395,79.36600465701504,74.84115091959636,76.96875345792502,0.8569133668881552,366.53677,0.11666686,1504.7469482421875,yes,delta0.35_balanced_rp0.02,physics+neural+xgboost,10,0.0,0.06132216204324308,0.938677837956757,0.0
PA_CA0433,CA0433,SRC016,SFC_CDEB89D989AC,LIQ_6656B41AB7,cellulose,train,2,1,41.7,41.962210175956514,45.345047,23.167295,43.190048694610596,36.355536757644494,39.10830434163412,44.62063035328227,1.7222270006960234,366.6066,0.11666849,1504.7471923828125,yes,delta0.35_balanced_rp0.02,physics+neural+xgboost,10,0.0,0.06132216204324308,0.938677837956757,0.0
PA_CA0434,CA0434,SRC016,SFC_CDEB89D989AC,LIQ_53310FAFB3,cellulose,train,2,1,54.0,53.29848602830676,52.823284,36.685287,54.38379689057668,55.6553502572975,51.73857116699219,54.56793576829144,1.1992318146882932,366.59885,0.116667844,1504.7469482421875,yes,delta0.35_balanced_rp0.02,physics+neural+xgboost,10,0.0,0.06132216204324308,0.938677837956757,0.0
PA_CA0435,CA0435,SRC016,SFC_6A9ED69E4397,LIQ_0F4168490E,cellulose,train,2,1,68.3,72.76016956475583,87.47041,80.46645,72.25673166910808,77.36629534176693,68.8412348429362,75.09227506507624,1.0943887035748812,232.59381,0.11659801,944.8271484375,yes,delta0.35_balanced_rp0.02,physics+neural+xgboost,10,0.0,0.06132216204324308,0.938677837956757,0.0
PA_CA0436,CA0436,SRC016,SFC_6A9ED69E4397,LIQ_6656B41AB7,cellulose,train,2,1,37.9,38.436646973054444,90.66417,83.87258,35.468397776285805,46.2790199988014,42.46874237060547,42.88565651254324,1.0104994718404985,230.81071,0.11677668,944.827392578125,yes,delta0.35_balanced_rp0.02,physics+neural+xgboost,10,0.0,0.06132216204324308,0.938677837956757,0.0
PA_CA0437,CA0437,SRC016,SFC_6A9ED69E4397,LIQ_53310FAFB3,cellulose,train,2,1,50.2,48.059781222366695,19.688826,17.95789,50.026284535725914,35.7251823105687,41.242661794026695,46.33383635362915,0.7187849245413123,231.39613,0.11670229,944.8272094726562,yes,delta0.35_balanced_rp0.02,physics+neural+xgboost,10,0.0,0.06132216204324308,0.938677837956757,0.0
PA_CA0438,CA0438,SRC016,SFC_5A7AACDD77C7,LIQ_0F4168490E,cellulose,train,2,1,98.1,90.0551664805456,95.66154,92.35642,89.90482950210571,86.22973494640263,80.40817769368489,79.7710066285357,0.8442536932726898,38.853935,0.059719305,192.63258361816406,yes,delta0.35_balanced_rp0.02,physics+neural+xgboost,10,0.0,0.06132216204324308,0.938677837956757,0.0
PA_CA0439,CA0439,SRC016,SFC_5A7AACDD77C7,LIQ_6656B41AB7,cellulose,train,2,1,39.1,36.861417771939884,28.414389,16.214376,38.21025244394938,22.31270140555625,41.00661595662435,51.777208317515836,2.346203590562162,40.104473,0.11604016,192.6443634033203,yes,delta0.35_balanced_rp0.02,physics+neural+xgboost,10,0.0,0.06132216204324308,0.938677837956757,0.0
PA_CA0440,CA0440,SRC016,SFC_5A7AACDD77C7,LIQ_53310FAFB3,cellulose,train,2,1,59.8,54.790194088284984,62.36039,53.71435,54.86047697067261,63.47371142322108,56.695074717203774,55.61939737611036,0.46895691739720136,39.272568,0.10315981,192.63389587402344,yes,delta0.35_balanced_rp0.02,physics+neural+xgboost,10,0.0,0.06132216204324308,0.938677837956757,0.0
PA_CA0441,CA0441,SRC016,SFC_66D5DCF7DD85,LIQ_0F4168490E,polymer,train,2,1,105.5,100.04395250767726,97.47379,105.08197,99.71482772628467,86.9268631022951,73.53841400146484,80.67744607124291,1.2062393896277972,10.103877,-0.12974173,15.359302520751953,no,delta0.35_balanced_rp0.02,physics+neural+xgboost,10,0.0,0.06132216204324308,0.938677837956757,0.0
PA_CA0442,CA0442,SRC016,SFC_66D5DCF7DD85,LIQ_6656B41AB7,polymer,train,2,1,68.9,50.781160095988135,51.072105,51.761642,50.717106918493904,43.41864204583013,53.497528076171875,55.66407625380932,0.48844539048049057,10.2281,-0.010663676,15.441375732421875,no,delta0.35_balanced_rp0.02,physics+neural+xgboost,10,0.0,0.06132216204324308,0.938677837956757,0.0
PA_CA0443,CA0443,SRC016,SFC_66D5DCF7DD85,LIQ_53310FAFB3,polymer,train,2,1,71.5,61.17513975550221,79.02813,81.87118,59.82310422261556,72.45790363261669,54.93310801188151,55.862484997521854,0.676837625464063,10.172579,-0.049053047,15.404565811157227,no,delta0.35_balanced_rp0.02,physics+neural+xgboost,10,0.0,0.06132216204324308,0.938677837956757,0.0
PA_CA0444,CA0444,SRC016,SFC_FC48A7AD25F0,LIQ_0F4168490E,polymer,train,2,1,91.7,91.54529896695482,95.99309,103.25803,90.780126730601,86.1852085837877,80.48873392740886,81.06477115529697,0.24078017028602086,10.088358,-0.1246304,15.209781646728516,no,delta0.35_balanced_rp0.02,physics+neural+xgboost,10,0.0,0.06132216204324308,0.938677837956757,0.0
PA_CA0445,CA0445,SRC016,SFC_FC48A7AD25F0,LIQ_6656B41AB7,polymer,train,2,1,35.1,49.0578264946874,50.627525,51.20805,48.91735621293386,42.624202814371834,47.635125478108726,48.32469715666798,0.3431507989051856,10.1985235,-0.008730323,15.227607727050781,no,delta0.35_balanced_rp0.02,physics+neural+xgboost,10,0.0,0.06132216204324308,0.938677837956757,0.0
PA_CA0446,CA0446,SRC016,SFC_FC48A7AD25F0,LIQ_53310FAFB3,polymer,train,2,1,59.1,47.68842912851361,54.357075,57.565945,47.04314851760864,56.95961612337394,61.167372385660805,55.004158552552305,0.8385681170715827,10.1307745,-0.046955273,15.217822074890137,no,delta0.35_balanced_rp0.02,physics+neural+xgboost,10,0.0,0.06132216204324308,0.938677837956757,0.0
PA_CA0463,CA0463,SRC002,SFC_5523B41BFD8F,LIQ_0F4168490E,polymer,validation,3,2,172.0,134.4736785888672,148.50874,134.47368,144.8396848042806,142.8300350873487,111.29888661702473,93.84692263582338,6.901881995215917,11.682805,0.15734397,8.32906723022461,yes,delta0.35_balanced_rp0.02,physics+neural,12,0.0,1.0,0.0,0.0
PA_CA0464,CA0464,SRC002,SFC_5523B41BFD8F,LIQ_5C0DC0DCD1,polymer,validation,3,2,167.0,125.77536010742188,138.15613,125.77536,134.05914433797201,132.3054134980899,100.55417378743489,71.999819439989,5.613381465048616,11.724568,0.1632411,7.749149322509766,yes,delta0.35_balanced_rp0.02,physics+neural,12,0.0,1.0,0.0,0.0
PA_CA0465,CA0465,SRC002,SFC_5523B41BFD8F,LIQ_53310FAFB3,polymer,validation,3,2,163.0,126.8227310180664,136.99158,126.82273,133.70750641822815,133.58907750076924,101.06295013427734,72.14146551384478,6.451220670911708,11.561558,0.1358103,8.151128768920898,yes,delta0.35_balanced_rp0.02,physics+neural,12,0.0,1.0,0.0,0.0
PA_CA0466,CA0466,SRC002,SFC_5523B41BFD8F,LIQ_B6950B5CB8,polymer,validation,3,2,70.0,147.1870880126953,161.2299,147.18709,158.28086845080057,155.56395854972547,100.45785522460938,67.09631284619371,1.2352013970588824,11.350179,0.106568165,6.445626258850098,yes,delta0.35_balanced_rp0.02,physics+neural,12,0.0,1.0,0.0,0.0
