n_training_sources,subset_index,model,test_sources,n,mae_deg,rmse_deg,r2,medae_deg,p90ae_deg
2,0,nnls_physics,6,189,17.104813822993524,25.15266843924642,0.38280995768583437,11.300000190734863,42.30396041870119
2,0,physics_residual_xgboost,6,189,26.250063327727496,34.033960036502585,-0.12999298576803686,20.41314697265625,55.1035036722819
2,1,nnls_physics,6,148,20.85367791717117,29.16345495001144,0.36764732799544875,14.645248413085938,44.78562583923342
2,1,physics_residual_xgboost,6,148,14.9130801585763,25.268958380106685,0.5252597081925634,9.408989350001018,32.64747937520346
2,2,nnls_physics,6,166,16.36848506008286,25.478749935498787,0.472850060555311,9.727226257324219,35.81436252593994
2,2,physics_residual_xgboost,6,166,17.14024847210292,26.506437540890058,0.4294671524011997,11.215818405151367,40.54867808024088
2,3,nnls_physics,6,133,19.75148105621338,29.367219719212255,0.4056686459862968,12.800000190734863,47.44818725585937
2,3,physics_residual_xgboost,6,133,15.593645393801735,25.98114881199588,0.5348214529390581,9.039500872294113,33.30975964864095
2,4,nnls_physics,6,178,16.7307420419843,24.658241312511098,0.4090279415316487,11.417415618896484,33.71769027709966
2,4,physics_residual_xgboost,6,178,16.886857334015133,27.838882768857264,0.24673748630932968,8.451942523320511,43.099965508778894
2,5,nnls_physics,6,163,16.54941666491924,22.85573643359662,0.27768339629008176,11.670989990234375,41.63421707153323
2,5,physics_residual_xgboost,6,163,17.731974704446298,24.10924628190319,0.19628064629121078,14.523067633310959,36.04955450693769
2,6,nnls_physics,6,192,16.794856677452724,25.120223497119635,0.42096184309545415,11.071517944335938,39.81813888549805
2,6,physics_residual_xgboost,6,192,15.902121068715738,24.410878309638267,0.4532019000834079,10.020054737726852,35.01115773518881
2,7,nnls_physics,6,207,17.308439263974986,25.23670303264904,0.3985802660769219,11.910049438476562,42.46067733764649
2,7,physics_residual_xgboost,6,207,15.330147154770202,21.94010887813661,0.5454412768208139,12.590295473734535,27.658077494303384
2,8,nnls_physics,6,159,19.71315058222357,28.38403714440473,0.3643347729679782,13.821891784667969,48.015117645263686
2,8,physics_residual_xgboost,6,159,15.210611860394726,24.272159747231278,0.5351669862426373,8.951875050862625,35.56266962687176
2,9,nnls_physics,6,166,20.701093053243245,28.847271679695442,0.3826341411437172,14.645248413085938,44.22900581359863
2,9,physics_residual_xgboost,6,166,16.541470567200214,25.622549696976215,0.5129452224865938,10.455546259880066,40.947471936543785
2,10,nnls_physics,6,118,25.321402218382236,33.749054771517486,0.3498131564657746,17.904544830322266,53.88028984069824
2,10,physics_residual_xgboost,6,118,21.234666371291844,30.54048695583261,0.4675646712263706,14.977214058240257,38.65160509745281
2,11,nnls_physics,6,163,20.484972789975032,28.014820382911218,0.34820558239352706,14.84689712524414,44.01196975708009
2,11,physics_residual_xgboost,6,163,15.24854931911903,25.563896674616416,0.457263463368925,8.870100021362305,33.999419021606464
2,12,nnls_physics,6,148,20.66576620050379,26.616252209043793,0.04138045654123057,16.294849395751953,44.78562583923342
2,12,physics_residual_xgboost,6,148,20.87318256971435,27.043077718177468,0.01038856492380591,16.504353990157448,40.01975224812826
2,13,nnls_physics,6,184,16.66959584277609,25.54046493864557,0.48400526079617845,10.633930206298828,39.49335041046143
2,13,physics_residual_xgboost,6,184,16.64512228987355,23.673145495560597,0.5566980817119357,11.304180145263672,36.30738770564398
2,14,nnls_physics,6,181,16.40814780662073,24.631419620569492,0.4559599357186175,11.036033630371094,32.34248352050781
2,14,physics_residual_xgboost,6,181,23.423194802213548,31.371689194738316,0.11747339869809237,20.527215321858733,47.207058906555176
2,15,nnls_physics,6,166,16.200949312692664,22.858061628548022,0.3328811909124858,10.969783782958984,39.71323776245117
2,15,physics_residual_xgboost,6,166,19.10866468312989,24.733911393386084,0.21889397407809807,15.71846262613932,39.61192353566487
2,16,nnls_physics,6,196,16.9801489722972,24.794408752698228,0.4342102865208747,12.121349334716797,38.25430870056152
2,16,physics_residual_xgboost,6,196,25.45459964952501,33.087849652932185,-0.007591793445374417,24.43223237991333,47.263742446899414
2,17,nnls_physics,6,148,19.45711630743903,28.087211283838112,0.3881595358190918,13.997241973876953,46.49706497192385
2,17,physics_residual_xgboost,6,148,16.557826596538764,27.205774956286156,0.4259586780553728,10.529419263203941,39.80954780578614
2,18,nnls_physics,6,133,19.54237628879404,26.53916087991015,0.2439128824831548,14.84689712524414,47.44818725585937
2,18,physics_residual_xgboost,6,133,14.842896491354495,21.952409174213233,0.48267693481978846,10.49155330657959,32.975555038452136
2,19,nnls_physics,6,178,16.574500839361985,22.133528497124413,0.24407609160421095,12.77059555053711,39.660787200927736
2,19,physics_residual_xgboost,6,178,22.052542133270745,26.17999127096565,-0.05758618257707249,22.09981106221676,37.38660491307577
3,0,nnls_physics,5,177,16.417115874209646,24.7082506304499,0.4304473308347103,10.903533935546875,39.40458946228028
3,0,physics_residual_xgboost,5,177,16.555821355297226,24.36996102968922,0.44593646966060707,11.70001538594564,29.997576649983728
3,1,nnls_physics,5,159,15.899254469001818,21.684641198064234,0.14666783320270327,11.036033630371094,40.09513778686528
3,1,physics_residual_xgboost,5,159,19.66764608475397,24.608397365941087,-0.09895598296463093,16.476728796958923,41.065789703528104
3,2,nnls_physics,5,118,20.18233881158344,26.211087727787444,0.0831697936484993,15.459278106689453,43.791481018066406
3,2,physics_residual_xgboost,5,118,14.651258023887198,22.019135496963994,0.35297754493964295,9.068021754423778,31.39332070350647
3,3,nnls_physics,5,106,18.318228604658593,29.54211519657061,0.46509767981399364,10.108379364013672,45.11155891418457
3,3,physics_residual_xgboost,5,106,19.103554522770942,30.33571126653895,0.43597328949013203,12.239565531412758,42.828748067220054
3,4,nnls_physics,5,136,14.796618882347556,21.5152327322152,0.40242911517589697,9.201351165771484,31.07338857650757
3,4,physics_residual_xgboost,5,136,12.943970384733642,18.962790893606346,0.5358035177931988,9.103480974833175,22.07819493611654
3,5,nnls_physics,5,121,19.00798907161744,29.202857046505287,0.4474104777070981,11.910049438476562,44.29672622680664
3,5,physics_residual_xgboost,5,121,18.06056196643065,28.57464855219935,0.47092924492846644,11.561950365702316,44.52133305867514
3,6,nnls_physics,5,166,15.970432413629739,24.13754510801642,0.455075981726355,10.633930206298828,32.085920333862305
3,6,physics_residual_xgboost,5,166,19.003238609457114,29.100587876802212,0.20794875920973888,11.797549406687416,45.606995900472
3,7,nnls_physics,5,151,15.699169626299119,22.08272618283143,0.35937222446953376,10.364326477050781,39.28624153137207
3,7,physics_residual_xgboost,5,151,14.047356154424268,19.635812787192545,0.493478184212938,10.809977054595947,23.95120143890381
3,8,nnls_physics,5,103,18.66134590778536,26.050195882460255,0.29119071978818,13.688346862792969,45.60045852661133
3,8,physics_residual_xgboost,5,103,12.663264823770058,21.242484206767195,0.5286776694342843,7.796710968017578,30.440416145324697
3,9,nnls_physics,5,180,16.097956551445854,24.68050092852731,0.4668984187621201,9.796028137207031,39.31582851409912
3,9,physics_residual_xgboost,5,180,13.913295496606992,21.59971529391755,0.5916824151188742,8.889840026696522,28.29630831082662
3,10,nnls_physics,5,132,18.554365107507415,28.325131417678104,0.4334914068201374,11.737518310546875,45.763425064086924
3,10,physics_residual_xgboost,5,132,18.218353168060535,27.450185632726644,0.467949070346923,12.20160230000814,41.080279668172196
3,11,nnls_physics,5,144,18.81999831729465,27.179034915499493,0.3611848279783856,13.755119323730469,45.39685974121097
3,11,physics_residual_xgboost,5,144,14.540546505625741,24.781838206964768,0.4689025776252873,8.134268124898277,31.8631951014201
3,12,nnls_physics,5,174,15.980963756298197,21.01146749451359,0.10012470922388483,12.514665603637695,38.78542976379399
3,12,physics_residual_xgboost,5,174,22.562665797584476,26.7932931526337,-0.46326083021053654,21.49525276819865,40.24625155131024
3,13,nnls_physics,5,106,25.10325621658901,34.04877306060105,0.3946492032207962,17.0954532623291,55.47527503967285
3,13,physics_residual_xgboost,5,106,20.67901769428039,30.978775635328613,0.49889044563567086,14.48832082748413,38.237006982167564
3,14,nnls_physics,5,88,25.944285338575188,31.908122188720892,0.006729311945950278,21.354995727539062,50.70906257629393
3,14,physics_residual_xgboost,5,88,20.61044745677094,27.56873990068675,0.2585208241951059,15.937718441088997,47.2699032862981
3,15,nnls_physics,5,133,19.80618205106348,24.999361934457486,0.04277763693528447,16.529796600341797,43.32008056640625
3,15,physics_residual_xgboost,5,133,13.950530240130153,19.625763643584424,0.4100596298240272,11.350756327311196,24.693980701764428
3,16,nnls_physics,5,169,15.638428699335403,24.117549737330187,0.5008242417262692,9.7396240234375,30.25477371215824
3,16,physics_residual_xgboost,5,169,24.62983747711313,33.12305395412249,0.058440293849425284,20.84530258178711,49.025976816813156
3,17,nnls_physics,5,154,15.340112227898139,22.100635374463383,0.40914100023175104,9.404903411865234,38.44267177581792
3,17,physics_residual_xgboost,5,154,18.52059626100319,23.61093016385648,0.3256264482960062,15.723406155904133,37.9847657521566
3,18,nnls_physics,5,136,18.76965375507579,27.817934174247842,0.4308250262390174,12.97317886352539,43.78799629211426
3,18,physics_residual_xgboost,5,136,18.626379508836713,29.687225376011895,0.3517608372258678,9.651259740193687,49.231743017832436
3,19,nnls_physics,5,166,15.802896666239542,21.35287725296868,0.32640531400879,12.124906539916992,36.70042419433594
3,19,physics_residual_xgboost,5,166,19.22869455817354,23.935204221211468,0.15363027517875338,17.13919067382812,39.32949956258139
4,0,nnls_physics,4,117,19.073129295283913,28.238653020253924,0.4092484555299346,12.332649230957031,43.18847579956055
4,0,physics_residual_xgboost,4,117,16.5703854590994,26.83274294189684,0.4666073194633321,11.079010009765625,30.714770889282224
4,1,nnls_physics,4,129,19.321392953857895,26.960462631498494,0.3247864222353808,14.245086669921875,42.932977294921876
4,1,physics_residual_xgboost,4,129,13.816564039931242,24.78058994492277,0.4295602656771076,8.44321060180664,26.60370527903239
4,2,nnls_physics,4,114,19.403004596107884,24.90074165247379,-0.2937745500296838,14.82109260559082,43.52687530517578
4,2,physics_residual_xgboost,4,114,13.728233333306704,18.764081817257157,0.2653361425909013,10.180058717727658,25.414688173929854
4,3,nnls_physics,4,102,17.374105649835922,28.375447630138446,0.4555503897561429,9.727226257324219,44.22454833984376
4,3,physics_residual_xgboost,4,102,15.999288849776088,27.376599464516904,0.4932062473808698,8.578728119532265,32.72086474100748
4,4,nnls_physics,4,147,14.972796991568844,20.743251434757248,0.25503258388640293,9.548698425292969,37.87040023803712
4,4,physics_residual_xgboost,4,147,14.143681982316735,17.6754457943953,0.45909080203861585,13.242163976033524,24.763106155395512
4,5,nnls_physics,4,99,17.70247649183177,24.518384587448143,0.14132907186866728,12.800000190734863,44.622659301757814
4,5,physics_residual_xgboost,4,99,11.058700026837663,15.417185967189365,0.6604894489742653,8.605082194010414,21.617779795328776
4,6,nnls_physics,4,103,19.00198829984202,24.002905685429166,0.06905930496374213,15.337326049804688,42.77411117553711
4,6,physics_residual_xgboost,4,103,12.724746218342997,20.087723574481032,0.3479876453889711,9.052034457524613,21.209884389241537
4,7,nnls_physics,4,91,16.674956562754872,27.88988372344374,0.4143041085061988,9.714828491210938,32.05669403076172
4,7,physics_residual_xgboost,4,91,21.315412573543657,33.654040028687206,0.14718823275091342,11.171426137288407,50.226505279541016
4,8,nnls_physics,4,91,17.52899259001344,25.329275656827384,0.38713671977707076,11.910049438476562,43.574947357177734
4,8,physics_residual_xgboost,4,91,13.496783810793916,21.535904315664972,0.5569586248183888,8.245060920715332,34.71159736315409
4,9,nnls_physics,4,136,14.310760505059186,19.536643658331894,0.38864195900149123,9.500408172607422,29.324082851409912
4,9,physics_residual_xgboost,4,136,13.490397320727032,18.572777597128965,0.44747817861251427,12.315763711929325,20.672120809555057
4,10,nnls_physics,4,135,19.122912908483436,27.96329216944556,0.42015293515029795,12.535980224609375,43.317299652099614
4,10,physics_residual_xgboost,4,135,17.113881307950727,25.928304982796597,0.501477097021773,11.223194758097335,35.57130190531413
4,11,nnls_physics,4,99,24.18223051591353,32.144336608000614,0.30320009852559116,17.566505432128906,49.08034973144532
4,11,physics_residual_xgboost,4,99,18.475258628828357,29.5263940249808,0.41207765289398135,11.911071459452316,38.08383509318034
4,12,nnls_physics,4,84,25.160995880762737,30.708333258784336,-0.4895245142046518,20.386329650878906,49.313820648193364
4,12,physics_residual_xgboost,4,84,19.1124524528545,23.906590302165167,0.09724387697207504,14.579168558120728,40.782242369651804
4,13,nnls_physics,4,165,14.98982420834628,23.083085389093963,0.48846148103455567,9.452117919921875,28.634913825988754
4,13,physics_residual_xgboost,4,165,17.171295853516064,24.90980366772194,0.40429501467134543,10.438379287719727,36.150932184855144
4,14,nnls_physics,4,150,14.61869218190511,20.790434235659465,0.3245223013646168,9.270757675170898,36.75553226470946
4,14,physics_residual_xgboost,4,150,17.056822113825213,21.81941907158059,0.25600458051903097,14.070086320241291,35.907896423339835
4,15,nnls_physics,4,147,14.254917994648421,19.276759080485117,0.2533206793521343,9.357688903808594,29.80347595214844
4,15,physics_residual_xgboost,4,147,16.27033634388359,20.121942471338176,0.18640945950142873,13.31062571207682,33.03297443389892
4,16,nnls_physics,4,109,18.773746297993792,25.5470878325431,0.24820775038147347,13.821891784667969,43.059651947021486
4,16,physics_residual_xgboost,4,109,15.272576535969334,23.448367521172013,0.3666551159348801,8.108390172322586,39.085371104876195
4,17,nnls_physics,4,91,24.57839531950898,33.34166828527308,0.3924833179899765,17.443065643310547,48.986961364746094
4,17,physics_residual_xgboost,4,91,22.9561310787941,33.95502715941651,0.3699257670302355,17.10718091328939,44.93034680684407
4,18,nnls_physics,4,121,19.06811495851879,24.32675616596404,0.15032189518548544,14.877998352050781,42.93082809448242
4,18,physics_residual_xgboost,4,121,14.583919441671247,21.640265272602484,0.3276255790215511,9.795649687449142,31.937740325927734
4,19,nnls_physics,4,73,25.462820889198618,30.491220711532858,0.013632955258107815,21.919696807861328,48.96697311401367
4,19,physics_residual_xgboost,4,73,17.843611635463354,25.2496685051266,0.3236051503737565,13.380522886912033,33.54473349253336
5,0,nnls_physics,3,57,25.5459620994434,37.00325326885565,0.41132749575742955,14.845535278320312,70.09143276214598
5,0,physics_residual_xgboost,3,57,22.47595913926063,35.16017607446151,0.46850887461312196,12.850489934285477,39.68470395406087
5,1,nnls_physics,3,102,17.718087673187256,26.489397210716817,0.4171860640581252,11.617988586425781,31.831453990936293
5,1,physics_residual_xgboost,3,102,15.815378766214728,27.533629230267323,0.3703304436409408,8.37016773223877,29.33630588054658
5,2,nnls_physics,3,99,18.056882212860415,22.23820195783235,-0.5062296187464528,14.76418685913086,42.30396041870117
5,2,physics_residual_xgboost,3,99,9.01032804436229,11.055557212240705,0.6277342199766978,8.05353967348735,17.42564458847046
5,3,nnls_physics,3,120,12.631553411483765,18.497282011193235,0.43547753657218047,7.690643310546875,25.305747985839858
5,3,physics_residual_xgboost,3,120,14.080956046986909,17.076700256364244,0.5188579624438799,12.664117336273193,24.98182830810547
5,4,nnls_physics,3,117,12.123551515432505,16.236985698538067,0.34661308366915033,7.997871398925781,24.632241821289067
5,4,physics_residual_xgboost,3,117,10.842402043845237,12.901845784471535,0.5874626159101597,10.446764310201004,20.352610524495443
5,5,nnls_physics,3,49,26.504346789145956,39.61957526854695,0.46866527005377245,13.024093627929688,76.52520084381108
5,5,physics_residual_xgboost,3,49,26.641743132857236,41.24693142113896,0.4241201774851363,20.890095074971512,51.84872983296721
5,6,nnls_physics,3,31,29.705320758204305,37.512709728075315,0.24714068443053472,23.491256713867188,68.74425983428955
5,6,physics_residual_xgboost,3,31,23.654172947329855,34.98677606139574,0.34511535755827916,12.673553784688313,66.09503555297852
5,7,nnls_physics,3,76,16.736711138173153,22.10881433596589,0.2774624226098572,12.478618621826172,29.803612232208252
5,7,physics_residual_xgboost,3,76,11.14820268081926,20.596084361403765,0.37295478595244835,7.2587152322133335,14.946383078893025
5,8,nnls_physics,3,61,25.567484527337747,35.6171105657474,0.34526604103547553,17.566505432128906,48.887020111083984
5,8,physics_residual_xgboost,3,61,22.516229204222803,37.35344001192046,0.2798736448470971,11.063819090525307,40.88879521687825
5,9,nnls_physics,3,91,17.914554857945703,22.92566309816754,0.2149410536548083,14.628257751464844,39.58211135864258
5,9,physics_residual_xgboost,3,91,11.704384899137017,19.919618252735333,0.4073197198890125,7.402339855829872,19.435318628946945
5,10,nnls_physics,3,43,27.482988534971724,32.02134866176884,0.014293038027369476,22.805496215820312,48.86182479858398
5,10,physics_residual_xgboost,3,43,16.323303089412143,26.932384705930666,0.30270234629443404,9.845382491747536,25.717728598912583
5,11,nnls_physics,3,76,15.405620273790861,21.96197225215779,0.39215625604564497,10.05197525024414,34.63449478149414
5,11,physics_residual_xgboost,3,76,12.259256886154935,21.14214821823073,0.4366899487443896,7.764890670776367,19.036598046620682
5,12,nnls_physics,3,75,24.082092730204263,34.70083096900637,0.4422006505951772,14.845535278320312,58.985357666015645
5,12,physics_residual_xgboost,3,75,23.752987539437086,34.00010308515837,0.46450092951888255,17.49473635355632,44.398966089884446
5,13,nnls_physics,3,57,25.058050975464937,31.627922898656486,-0.5004977859271154,18.242584228515625,55.59281768798828
5,13,physics_residual_xgboost,3,57,21.370493137697032,26.709192977326214,-0.07007827742228856,15.188688596089676,49.10130716959635
5,14,nnls_physics,3,102,17.44543145684635,22.260495164967136,-0.21009086375217745,14.021541595458984,39.81813888549805
5,14,physics_residual_xgboost,3,102,11.109351298826581,15.289639809747584,0.4291226007780272,7.184509197870888,25.143638483683258
5,15,nnls_physics,3,87,23.759316301893914,32.30219045900522,0.3618586955907498,16.692703247070312,48.92699661254883
5,15,physics_residual_xgboost,3,87,18.89780506365344,30.877600993695797,0.41690406939095614,10.087115287780762,40.221093241373715
5,16,nnls_physics,3,135,13.099945499278881,17.869941198555868,0.38695553677209127,8.814117431640625,26.227204895019533
5,16,physics_residual_xgboost,3,135,15.336552082020562,18.46444832620737,0.34548681383855917,13.484942952791855,29.87252349853516
5,17,nnls_physics,3,64,24.240925401449203,35.12657720029456,0.45697306822577455,15.09550666809082,57.434008026123045
5,17,physics_residual_xgboost,3,64,27.196723163903997,39.250549437574186,0.32198206282265407,19.87872012456258,46.82429863611857
5,18,nnls_physics,3,46,25.51241688106371,31.51106427445741,0.19700452071346863,21.567081451416016,54.04197120666504
5,18,physics_residual_xgboost,3,46,20.93365521448246,29.696689909997637,0.2868136121913546,13.284042119979858,43.95147911707561
5,19,nnls_physics,3,61,25.111567575423443,30.3949746356627,0.1494577240064212,21.581924438476562,48.887020111083984
5,19,physics_residual_xgboost,3,61,17.363161363399747,25.62846809997634,0.395303256481767,14.110279619693756,31.00788084665934
6,0,nnls_physics,2,45,25.091989707946777,38.451321290855745,0.46860557139208736,12.535980224609375,72.92872352600098
6,0,physics_residual_xgboost,2,45,25.41859847263054,39.046027042138405,0.4520408764505759,15.084206899007157,47.623443222045914
6,1,nnls_physics,2,90,16.447384887271458,25.832398865281093,0.48717412865974263,10.969783782958984,27.1731890678406
6,1,physics_residual_xgboost,2,90,16.894251656421908,28.522334892922295,0.3748120472506089,9.547720213731125,33.896655400594085
6,2,nnls_physics,2,42,24.56687273297991,36.61921084576411,0.2893025184950664,14.56280517578125,53.94694747924804
6,2,physics_residual_xgboost,2,42,24.996465013140725,40.765496859523786,0.11925072452513596,12.463553746541336,50.06735140482583
6,3,nnls_physics,2,57,24.386721058895713,34.284708599842396,0.3284124120033093,16.692703247070312,48.81143417358398
6,3,physics_residual_xgboost,2,57,19.966142592788266,35.104882095275116,0.29589606179850003,11.112122217814132,37.586852010091135
6,4,nnls_physics,2,39,25.95371926136506,29.398948848347874,-1.3300320918743607,22.10396957397461,48.78623886108399
6,4,physics_residual_xgboost,2,39,10.246597404026575,11.907976673175977,0.6177264515436112,10.118028004964195,17.274759833017985
6,5,nnls_physics,2,75,13.611563847859701,25.530836603355183,0.4579616073912026,7.357734680175781,21.14560928344727
6,5,physics_residual_xgboost,2,75,17.329965081214905,30.029469569356458,0.2501139432262979,10.38688723246257,37.686327489217234
6,6,nnls_physics,2,60,12.339168691635132,20.738988063106422,0.5208471887584543,6.065860748291016,33.03685932159425
6,6,physics_residual_xgboost,2,60,11.295779348164794,15.505742453840158,0.7321546878978975,8.772294163703918,22.65719779332481
6,7,nnls_physics,2,105,10.39500213804699,13.56880436515365,0.5580629487450832,7.261268615722656,20.777432250976563
6,7,physics_residual_xgboost,2,105,11.361533181913314,13.313053214112307,0.5745656153047736,9.899943033854171,20.4985954284668
6,8,nnls_physics,2,57,11.28103928816946,16.540354676995864,0.35584019613113704,6.489326477050781,25.581687927246087
6,8,physics_residual_xgboost,2,57,7.509727445087935,8.998274126134048,0.8093563149617473,7.3797643184661865,14.016051546732585
6,9,nnls_physics,2,72,13.906301180521647,19.102720698666424,0.2594492599759952,9.500408172607422,32.31974983215332
6,9,physics_residual_xgboost,2,72,9.415581136390015,11.62353165302329,0.7258169686266983,7.838679552078247,17.784477106730144
6,10,nnls_physics,2,34,25.717700228971594,40.28928514390338,0.18920514741273442,12.780036926269531,90.4810408592224
6,10,physics_residual_xgboost,2,34,34.98056528615017,49.61715198883279,-0.22968966763949328,26.18585364023845,72.97674446105957
6,11,nnls_physics,2,19,31.257086352298135,41.10914044838017,0.418700437007117,23.491256713867188,72.38436927795411
6,11,physics_residual_xgboost,2,19,32.61717534718806,43.64153473766393,0.34487641601430874,32.680178006490074,70.98574727376302
6,12,nnls_physics,2,16,31.03460991382599,36.99423904366287,0.2509671487559716,24.753585815429688,51.95003890991211
6,12,physics_residual_xgboost,2,16,27.474438180526096,42.06712720110706,0.03145817920470195,11.386936982472736,73.05022239685059
6,13,nnls_physics,2,49,9.910456988276268,17.180526208449706,0.6322530218690874,5.6494903564453125,21.354159545898444
6,13,physics_residual_xgboost,2,49,12.770616392395935,24.04392912351451,0.2797436958789391,7.3645127614339145,18.764464060465503
6,14,nnls_physics,2,60,23.030762831370037,33.80950302275806,0.44777958495565207,14.56280517578125,57.33010025024414
6,14,physics_residual_xgboost,2,60,22.808384849627817,35.46267900526253,0.3924556783986213,15.303728659947708,46.73798751831056
6,15,nnls_physics,2,45,24.473968950907388,31.79955132688784,-0.36701151766240225,16.5330810546875,57.416690063476565
6,15,physics_residual_xgboost,2,45,24.142099489989107,29.923814842563853,-0.21049808459980524,16.825579325358078,52.22862437566122
6,16,nnls_physics,2,90,16.138374508751763,20.824661075857993,0.004714400824820997,12.514665603637695,36.78511924743655
6,16,physics_residual_xgboost,2,90,11.81224286487257,16.018800004178342,0.4110861137380726,9.080018093188603,28.242876815795906
6,17,nnls_physics,2,42,23.904707636151993,28.9878580187498,-0.6018989911434727,19.359073638916016,53.219381332397454
6,17,physics_residual_xgboost,2,42,15.270771373536377,18.871621913521974,0.32107573479547624,13.317044893900558,31.668908913930256
6,18,nnls_physics,2,57,23.89880993491725,28.3994013701062,-0.42600349755611333,20.14807891845703,48.81143417358398
6,18,physics_residual_xgboost,2,57,12.608029542915654,15.793203900269244,0.5589958216890769,11.492954204479851,24.980384190877277
6,19,nnls_physics,2,75,13.240751393636067,19.272987080742723,0.45539823360940723,7.8691864013671875,29.904357910156303
6,19,physics_residual_xgboost,2,75,12.583132382730643,16.0772089837602,0.6210322098831124,10.223480860392257,26.746400960286472
7,0,nnls_physics,1,30,23.494278399149575,38.64650020327608,0.21530793027930806,11.94881820678711,89.3927927017212
7,0,physics_residual_xgboost,1,30,30.01166759795613,46.4382889352944,-0.13300373338429083,18.958007812499993,106.426761563619
7,1,nnls_physics,1,15,28.28741232554118,38.057960679918374,-0.9970779844585205,16.05990219116211,70.76501922607422
7,1,physics_residual_xgboost,1,15,20.826004610459005,26.331139876059876,0.04403208096653488,14.500936826070149,41.321742406487466
7,2,nnls_physics,1,60,12.923938131332397,15.94343933163591,0.15314520417596744,9.270757675170898,24.382994079589846
7,2,physics_residual_xgboost,1,60,9.03321712774535,11.022149566312855,0.5952586982491191,7.292150497436523,17.710671552022298
7,3,nnls_physics,1,12,27.248358567555744,30.975848099419377,-3.5577587276554725,22.801359176635742,49.10115203857422
7,3,physics_residual_xgboost,1,12,11.053786449962194,11.489917595112226,0.37289718907090186,11.315300703048706,14.66208356221517
7,4,nnls_physics,1,27,25.3783240141692,28.670278555651514,-0.8610144487684694,21.919696807861328,48.20159912109375
7,4,physics_residual_xgboost,1,27,9.255388068564143,11.605542960113386,0.6950582789624146,6.346965074539185,17.464312092463178
7,5,nnls_physics,1,45,7.023087480333117,9.522151934873925,0.7761115928437264,5.107673645019531,14.988603210449218
7,5,physics_residual_xgboost,1,45,7.517879692713418,9.320613103671343,0.7854886110953523,7.05156739552816,15.324534543355306
7,6,nnls_physics,1,4,42.39336395263672,50.94885075488722,-0.4530004999965138,27.4261474609375,72.51409454345705
7,6,physics_residual_xgboost,1,4,76.77023315429688,79.36816820253931,-2.5260599629591787,68.66536712646484,99.69180641174317
7,7,nnls_physics,1,30,22.567247263590495,28.153383656852952,-0.26286220379762293,16.640460968017578,54.00526924133301
7,7,physics_residual_xgboost,1,30,16.730513521035515,20.279640820869833,0.3447375433221842,17.34578623374303,34.02925939559937
