outer_fold,config_key,max_delta_cos,source_balance,residual_penalty,expert_set,n_experts,inner_oof_mae_deg,inner_oof_source_median_mae_deg,weights_json,median_best_epoch
0,delta0.15_balanced_rp0.02,0.15,True,0.02,physics+neural,2,19.206681174694076,21.32975635119353,"{""neural"": 0.9770985604455533, ""physics"": 0.022901439554446727}",94
0,delta0.15_balanced_rp0.02,0.15,True,0.02,physics+neural+xgboost,3,17.265301687971732,18.81675076423439,"{""neural"": 4.53223613153253e-16, ""physics"": 0.38073043657476774, ""xgboost"": 0.6192695634252319}",94
0,delta0.15_balanced_rp0.02,0.15,True,0.02,physics+neural+random_forest,3,17.84545376803224,20.736813553505304,"{""neural"": 0.0075199277565966465, ""physics"": 0.17413333808957204, ""random_forest"": 0.8183467341538314}",94
0,delta0.15_balanced_rp0.02,0.15,True,0.02,physics+neural+xgboost+random_forest,4,17.211269696660324,18.72318242820851,"{""neural"": 3.051316760838054e-15, ""physics"": 0.28997304810116914, ""random_forest"": 0.2532442990361083, ""xgboost"": 0.4567826528627195}",94
0,delta0.15_balanced_rp0.05,0.15,True,0.05,physics+neural,2,19.2359109309874,21.343812093858865,"{""neural"": 0.9660105811045835, ""physics"": 0.03398941889541653}",94
0,delta0.15_balanced_rp0.05,0.15,True,0.05,physics+neural+xgboost,3,17.26530168999977,18.816750724634765,"{""neural"": 7.367153762039003e-17, ""physics"": 0.3807304546302053, ""xgboost"": 0.6192695453697946}",94
0,delta0.15_balanced_rp0.05,0.15,True,0.05,physics+neural+random_forest,3,17.845416114014643,20.73625471082035,"{""neural"": 0.008394837439059739, ""physics"": 0.17352893608788067, ""random_forest"": 0.8180762264730596}",94
0,delta0.15_balanced_rp0.05,0.15,True,0.05,physics+neural+xgboost+random_forest,4,17.211269694344054,18.723182433559753,"{""neural"": 0.0, ""physics"": 0.2899730343197257, ""random_forest"": 0.2532443033834052, ""xgboost"": 0.45678266229686904}",94
0,delta0.15_unbalanced_rp0.02,0.15,False,0.02,physics+neural,2,18.94692667830752,20.902205623340908,"{""neural"": 0.8991677746900135, ""physics"": 0.10083222530998644}",95
0,delta0.15_unbalanced_rp0.02,0.15,False,0.02,physics+neural+xgboost,3,17.26530168816334,18.81675076049299,"{""neural"": 0.0, ""physics"": 0.3807304382806588, ""xgboost"": 0.6192695617193413}",95
0,delta0.15_unbalanced_rp0.02,0.15,False,0.02,physics+neural+random_forest,3,17.82866411922581,20.660767481245532,"{""neural"": 0.09540006642251578, ""physics"": 0.12949357272388964, ""random_forest"": 0.7751063608535945}",95
0,delta0.15_unbalanced_rp0.02,0.15,False,0.02,physics+neural+xgboost+random_forest,4,17.211269755409468,18.723182317292807,"{""neural"": 0.0, ""physics"": 0.28997334725163315, ""random_forest"": 0.25324402693907333, ""xgboost"": 0.45678262580929346}",95
0,delta0.15_unbalanced_rp0.05,0.15,False,0.05,physics+neural,2,19.004304777878996,20.917468473101096,"{""neural"": 0.8804009176625028, ""physics"": 0.11959908233749723}",102
0,delta0.15_unbalanced_rp0.05,0.15,False,0.05,physics+neural+xgboost,3,17.265301689678434,18.8167507309092,"{""neural"": 9.375553583273674e-17, ""physics"": 0.38073045176937975, ""xgboost"": 0.6192695482306202}",102
0,delta0.15_unbalanced_rp0.05,0.15,False,0.05,physics+neural+random_forest,3,17.839201857581205,20.694194037137933,"{""neural"": 0.05727912870874613, ""physics"": 0.15001758964311, ""random_forest"": 0.792703281648144}",102
0,delta0.15_unbalanced_rp0.05,0.15,False,0.05,physics+neural+xgboost+random_forest,4,17.211269702774658,18.723182421696773,"{""neural"": 1.1276066818016565e-15, ""physics"": 0.28997306901454134, ""random_forest"": 0.2532442378974326, ""xgboost"": 0.4567826930880248}",102
0,delta0.25_balanced_rp0.02,0.25,True,0.02,physics+neural,2,19.034625071543125,23.59514643351237,"{""neural"": 1.0, ""physics"": 0.0}",22
0,delta0.25_balanced_rp0.02,0.25,True,0.02,physics+neural+xgboost,3,17.265502712062016,18.81824780443147,"{""neural"": 0.03764395287448758, ""physics"": 0.3501178040563492, ""xgboost"": 0.6122382430691633}",22
0,delta0.25_balanced_rp0.02,0.25,True,0.02,physics+neural+random_forest,3,17.692174440715235,20.720266746895973,"{""neural"": 0.29033008606399446, ""physics"": 4.8373628101219465e-17, ""random_forest"": 0.7096699139360055}",22
0,delta0.25_balanced_rp0.02,0.25,True,0.02,physics+neural+xgboost+random_forest,4,17.211269688879064,18.723182439389976,"{""neural"": 1.3376767819513538e-18, ""physics"": 0.2899730156069736, ""random_forest"": 0.2532443579636593, ""xgboost"": 0.45678262642936723}",22
0,delta0.25_balanced_rp0.05,0.25,True,0.05,physics+neural,2,18.958546486954017,23.59517987569173,"{""neural"": 1.0, ""physics"": 0.0}",22
0,delta0.25_balanced_rp0.05,0.25,True,0.05,physics+neural+xgboost,3,17.255064644182266,18.83089243234421,"{""neural"": 0.15004485659127784, ""physics"": 0.2549813838917256, ""xgboost"": 0.5949737595169966}",22
0,delta0.25_balanced_rp0.05,0.25,True,0.05,physics+neural+random_forest,3,17.662015946057256,20.738240576150144,"{""neural"": 0.30727584937154245, ""physics"": 0.0, ""random_forest"": 0.6927241506284576}",22
0,delta0.25_balanced_rp0.05,0.25,True,0.05,physics+neural+xgboost+random_forest,4,17.207298512869,18.762742341687627,"{""neural"": 0.10943864548527016, ""physics"": 0.20108587706872788, ""random_forest"": 0.2501886089209174, ""xgboost"": 0.4392868685250847}",22
0,delta0.25_unbalanced_rp0.02,0.25,False,0.02,physics+neural,2,19.054229031896305,23.687287464848296,"{""neural"": 0.9999999999999871, ""physics"": 1.2934098236883074e-14}",23
0,delta0.25_unbalanced_rp0.02,0.25,False,0.02,physics+neural+xgboost,3,17.265301686285877,18.816750797152473,"{""neural"": 1.345494896054511e-16, ""physics"": 0.3807304215657759, ""xgboost"": 0.619269578434224}",23
0,delta0.25_unbalanced_rp0.02,0.25,False,0.02,physics+neural+random_forest,3,17.600724831241617,20.361582139614708,"{""neural"": 0.29919653346550873, ""physics"": 0.0, ""random_forest"": 0.7008034665344913}",23
0,delta0.25_unbalanced_rp0.02,0.25,False,0.02,physics+neural+xgboost+random_forest,4,17.211269693298018,18.723182432478392,"{""neural"": 6.719639425510453e-17, ""physics"": 0.2899730352011858, ""random_forest"": 0.25324432816225734, ""xgboost"": 0.45678263663655677}",23
0,delta0.25_unbalanced_rp0.05,0.25,False,0.05,physics+neural,2,19.054337949694304,23.68726344638401,"{""neural"": 0.9999999999999978, ""physics"": 2.220446049250313e-15}",23
0,delta0.25_unbalanced_rp0.05,0.25,False,0.05,physics+neural+xgboost,3,17.265301689538326,18.81675073364498,"{""neural"": 0.0, ""physics"": 0.3807304505220013, ""xgboost"": 0.6192695494779987}",23
0,delta0.25_unbalanced_rp0.05,0.25,False,0.05,physics+neural+random_forest,3,17.600825915210763,20.361599748318614,"{""neural"": 0.29917304883947426, ""physics"": 0.0, ""random_forest"": 0.7008269511605256}",23
0,delta0.25_unbalanced_rp0.05,0.25,False,0.05,physics+neural+xgboost+random_forest,4,17.211269690999853,18.723182432792076,"{""neural"": 1.3462953421896663e-16, ""physics"": 0.28997303167491223, ""random_forest"": 0.2532443650601534, ""xgboost"": 0.4567826032649343}",23
0,delta0.35_balanced_rp0.02,0.35,True,0.02,physics+neural,2,18.873040702445376,23.948038431803386,"{""neural"": 1.0, ""physics"": 0.0}",19
0,delta0.35_balanced_rp0.02,0.35,True,0.02,physics+neural+xgboost,3,17.265301687607707,18.816750771342367,"{""neural"": 0.0, ""physics"": 0.38073043333388573, ""xgboost"": 0.6192695666661142}",19
0,delta0.35_balanced_rp0.02,0.35,True,0.02,physics+neural+random_forest,3,17.73918062075656,20.706081982842115,"{""neural"": 0.3048709928360966, ""physics"": 3.087265686152474e-17, ""random_forest"": 0.6951290071639034}",19
0,delta0.35_balanced_rp0.02,0.35,True,0.02,physics+neural+xgboost+random_forest,4,17.21126958016413,18.723182803195915,"{""neural"": 0.0, ""physics"": 0.289972139966259, ""random_forest"": 0.2532438272939176, ""xgboost"": 0.45678403273982354}",19
0,delta0.35_balanced_rp0.05,0.35,True,0.05,physics+neural,2,18.76110492308447,23.948089294433593,"{""neural"": 1.0, ""physics"": 0.0}",19
0,delta0.35_balanced_rp0.05,0.35,True,0.05,physics+neural+xgboost,3,17.265301686332606,18.81675079624002,"{""neural"": 0.0, ""physics"": 0.380730421981808, ""xgboost"": 0.6192695780181919}",19
0,delta0.35_balanced_rp0.05,0.35,True,0.05,physics+neural+random_forest,3,17.77040959709302,20.712496945911596,"{""neural"": 0.3115157667446017, ""physics"": 0.0, ""random_forest"": 0.6884842332553983}",19
0,delta0.35_balanced_rp0.05,0.35,True,0.05,physics+neural+xgboost+random_forest,4,17.21126963630405,18.723182723646023,"{""neural"": 4.276923460571139e-17, ""physics"": 0.2899723721256407, ""random_forest"": 0.2532433948293921, ""xgboost"": 0.4567842330449671}",19
0,delta0.35_unbalanced_rp0.02,0.35,False,0.02,physics+neural,2,19.040176889501467,23.776898165102356,"{""neural"": 1.0, ""physics"": 0.0}",21
0,delta0.35_unbalanced_rp0.02,0.35,False,0.02,physics+neural+xgboost,3,17.261639766828914,18.832725925486226,"{""neural"": 0.09461177124356068, ""physics"": 0.29858343414680905, ""xgboost"": 0.6068047946096303}",21
0,delta0.35_unbalanced_rp0.02,0.35,False,0.02,physics+neural+random_forest,3,17.685955046423032,20.82462001735455,"{""neural"": 0.292522298725308, ""physics"": 2.1035555025292196e-16, ""random_forest"": 0.7074777012746918}",21
0,delta0.35_unbalanced_rp0.02,0.35,False,0.02,physics+neural+xgboost+random_forest,4,17.211269682773366,18.723182446576804,"{""neural"": 7.8198081690517e-18, ""physics"": 0.28997299333319937, ""random_forest"": 0.2532444145526572, ""xgboost"": 0.4567825921141435}",21
0,delta0.35_unbalanced_rp0.05,0.35,False,0.05,physics+neural,2,19.040440533643856,23.776850834599262,"{""neural"": 0.9999999999999909, ""physics"": 9.159339953157541e-15}",21
0,delta0.35_unbalanced_rp0.05,0.35,False,0.05,physics+neural+xgboost,3,17.26183386719617,18.83221286269922,"{""neural"": 0.09208167369947093, ""physics"": 0.30081966891969397, ""xgboost"": 0.6070986573808351}",21
0,delta0.35_unbalanced_rp0.05,0.35,False,0.05,physics+neural+random_forest,3,17.68634210579462,20.824464732088856,"{""neural"": 0.2924172804309839, ""physics"": 2.4158734908408253e-16, ""random_forest"": 0.7075827195690159}",21
0,delta0.35_unbalanced_rp0.05,0.35,False,0.05,physics+neural+xgboost+random_forest,4,17.21126969418055,18.723182434514435,"{""neural"": 1.894643296418419e-17, ""physics"": 0.2899730321750161, ""random_forest"": 0.25324429992711367, ""xgboost"": 0.45678266789787025}",21
1,delta0.15_balanced_rp0.02,0.15,True,0.02,physics+neural,2,18.461809532900904,23.917583430254908,"{""neural"": 0.9999999999999751, ""physics"": 2.4868995751603507e-14}",23
1,delta0.15_balanced_rp0.02,0.15,True,0.02,physics+neural+xgboost,3,16.61041729419884,22.82603320247079,"{""neural"": 0.11247936372788923, ""physics"": 0.3630227429976751, ""xgboost"": 0.5244978932744356}",23
1,delta0.15_balanced_rp0.02,0.15,True,0.02,physics+neural+random_forest,3,16.362221815125892,22.532249963159963,"{""neural"": 0.1749933085619075, ""physics"": 2.742597815519332e-15, ""random_forest"": 0.8250066914380898}",23
1,delta0.15_balanced_rp0.02,0.15,True,0.02,physics+neural+xgboost+random_forest,4,16.156574580202502,22.30740536145062,"{""neural"": 0.22114802224830993, ""physics"": 0.0, ""random_forest"": 0.5808653633318241, ""xgboost"": 0.19798661441986593}",23
1,delta0.15_balanced_rp0.05,0.15,True,0.05,physics+neural,2,18.346566562192987,23.91758210217511,"{""neural"": 1.0, ""physics"": 0.0}",23
1,delta0.15_balanced_rp0.05,0.15,True,0.05,physics+neural+xgboost,3,16.607307749929223,22.862533472431224,"{""neural"": 0.14973496559713426, ""physics"": 0.335641329659727, ""xgboost"": 0.5146237047431388}",23
1,delta0.15_balanced_rp0.05,0.15,True,0.05,physics+neural+random_forest,3,16.353944380764634,22.5374835040206,"{""neural"": 0.18488737235875516, ""physics"": 7.776441352701701e-15, ""random_forest"": 0.815112627641237}",23
1,delta0.15_balanced_rp0.05,0.15,True,0.05,physics+neural+xgboost+random_forest,4,16.151515686386603,22.312288643911565,"{""neural"": 0.23119073262079443, ""physics"": 1.5090738988282615e-16, ""random_forest"": 0.5729171425489018, ""xgboost"": 0.19589212483030374}",23
1,delta0.15_unbalanced_rp0.02,0.15,False,0.02,physics+neural,2,18.20899696924596,23.588723684946675,"{""neural"": 0.9999999999999111, ""physics"": 8.892886427247505e-14}",107
1,delta0.15_unbalanced_rp0.02,0.15,False,0.02,physics+neural+xgboost,3,16.543316282775102,22.83928269307136,"{""neural"": 0.26461306594134193, ""physics"": 0.2554025595592888, ""xgboost"": 0.47998437449936926}",107
1,delta0.15_unbalanced_rp0.02,0.15,False,0.02,physics+neural+random_forest,3,16.307083526992635,22.49281582439653,"{""neural"": 0.2065837369883614, ""physics"": 0.0, ""random_forest"": 0.7934162630116385}",107
1,delta0.15_unbalanced_rp0.02,0.15,False,0.02,physics+neural+xgboost+random_forest,4,16.080207848261157,22.23854168244442,"{""neural"": 0.24862633781199983, ""physics"": 3.2041562328735673e-17, ""random_forest"": 0.5586363084470152, ""xgboost"": 0.19273735374098508}",107
1,delta0.15_unbalanced_rp0.05,0.15,False,0.05,physics+neural,2,18.235835435017016,23.588736670811947,"{""neural"": 0.9999999999999016, ""physics"": 9.836575998178887e-14}",82
1,delta0.15_unbalanced_rp0.05,0.15,False,0.05,physics+neural+xgboost,3,16.54605679236274,22.847558149088023,"{""neural"": 0.2624681749606884, ""physics"": 0.2547296974849241, ""xgboost"": 0.48280212755438756}",82
1,delta0.15_unbalanced_rp0.05,0.15,False,0.05,physics+neural+random_forest,3,16.3222110699901,22.490323012384916,"{""neural"": 0.19688249414002265, ""physics"": 0.0, ""random_forest"": 0.8031175058599774}",82
1,delta0.15_unbalanced_rp0.05,0.15,False,0.05,physics+neural+xgboost+random_forest,4,16.08858159973923,22.240529229729802,"{""neural"": 0.24415650698582442, ""physics"": 0.0, ""random_forest"": 0.559714414227329, ""xgboost"": 0.19612907878684663}",82
1,delta0.25_balanced_rp0.02,0.25,True,0.02,physics+neural,2,18.331417295157255,24.14663198541713,"{""neural"": 0.9999999999999531, ""physics"": 4.6851411639181606e-14}",19
1,delta0.25_balanced_rp0.02,0.25,True,0.02,physics+neural+xgboost,3,16.584468497139536,22.857469597067627,"{""neural"": 0.3200385571256145, ""physics"": 0.20037865380776548, ""xgboost"": 0.47958278906662}",19
1,delta0.25_balanced_rp0.02,0.25,True,0.02,physics+neural+random_forest,3,16.368818571590147,22.51577741552542,"{""neural"": 0.1777517866835908, ""physics"": 0.0, ""random_forest"": 0.8222482133164093}",19
1,delta0.25_balanced_rp0.02,0.25,True,0.02,physics+neural+xgboost+random_forest,4,16.147506660431272,22.215170047560573,"{""neural"": 0.252038254273396, ""physics"": 7.267203874262995e-17, ""random_forest"": 0.5363666746251723, ""xgboost"": 0.2115950711014317}",19
1,delta0.25_balanced_rp0.05,0.25,True,0.05,physics+neural,2,18.355721151972464,24.14664530153629,"{""neural"": 0.9999999999999531, ""physics"": 4.6851411639181606e-14}",19
1,delta0.25_balanced_rp0.05,0.25,True,0.05,physics+neural+xgboost,3,16.587364365468442,22.868481283543552,"{""neural"": 0.32688333805360203, ""physics"": 0.19322412997127394, ""xgboost"": 0.4798925319751241}",19
1,delta0.25_balanced_rp0.05,0.25,True,0.05,physics+neural+random_forest,3,16.377626854118393,22.51323135169228,"{""neural"": 0.17180112554508675, ""physics"": 0.0, ""random_forest"": 0.8281988744549132}",19
1,delta0.25_balanced_rp0.05,0.25,True,0.05,physics+neural+xgboost+random_forest,4,16.152683372603676,22.21592809493748,"{""neural"": 0.24958479980063844, ""physics"": 0.0, ""random_forest"": 0.5369573773806727, ""xgboost"": 0.21345782281868877}",19
1,delta0.25_unbalanced_rp0.02,0.25,False,0.02,physics+neural,2,18.262451352268826,24.308276822125478,"{""neural"": 0.9999999999999449, ""physics"": 5.5011550870176507e-14}",13
1,delta0.25_unbalanced_rp0.02,0.25,False,0.02,physics+neural+xgboost,3,16.60740409605817,22.77071104876125,"{""neural"": 0.11457119629533097, ""physics"": 0.37006931092667855, ""xgboost"": 0.5153594927779905}",13
1,delta0.25_unbalanced_rp0.02,0.25,False,0.02,physics+neural+random_forest,3,16.388435652275472,22.51136122166575,"{""neural"": 0.18406252154543226, ""physics"": 0.0, ""random_forest"": 0.8159374784545677}",13
1,delta0.25_unbalanced_rp0.02,0.25,False,0.02,physics+neural+xgboost+random_forest,4,16.219453681166378,22.257720923826803,"{""neural"": 0.20833750032083537, ""physics"": 6.3028780396376556e-18, ""random_forest"": 0.6095121122364939, ""xgboost"": 0.18215038744267065}",13
1,delta0.25_unbalanced_rp0.05,0.25,False,0.05,physics+neural,2,18.185202028665184,24.30827579780862,"{""neural"": 0.999999999999881, ""physics"": 1.1907141939104804e-13}",13
1,delta0.25_unbalanced_rp0.05,0.25,False,0.05,physics+neural+xgboost,3,16.595188986304617,22.804922929890417,"{""neural"": 0.17776213123340576, ""physics"": 0.3274186278061382, ""xgboost"": 0.4948192409604561}",13
1,delta0.25_unbalanced_rp0.05,0.25,False,0.05,physics+neural+random_forest,3,16.355708699491462,22.52104598596265,"{""neural"": 0.20894166292940228, ""physics"": 3.855660094583685e-15, ""random_forest"": 0.7910583370705939}",13
1,delta0.25_unbalanced_rp0.05,0.25,False,0.05,physics+neural+xgboost+random_forest,4,16.197003621415245,22.264091519021104,"{""neural"": 0.22695486443756718, ""physics"": 4.6773159347382465e-18, ""random_forest"": 0.5953230318562125, ""xgboost"": 0.1777221037062203}",13
1,delta0.35_balanced_rp0.02,0.35,True,0.02,physics+neural,2,17.832305437685815,24.303408187583663,"{""neural"": 0.999999999999744, ""physics"": 2.5596191832732984e-13}",16
1,delta0.35_balanced_rp0.02,0.35,True,0.02,physics+neural+xgboost,3,16.434844698052306,22.52807021454403,"{""neural"": 0.5979868109310069, ""physics"": 0.022590917060601897, ""xgboost"": 0.37942227200839124}",16
1,delta0.35_balanced_rp0.02,0.35,True,0.02,physics+neural+random_forest,3,16.396571005098018,22.552921362569634,"{""neural"": 0.19644449819405, ""physics"": 0.0, ""random_forest"": 0.80355550180595}",16
1,delta0.35_balanced_rp0.02,0.35,True,0.02,physics+neural+xgboost+random_forest,4,16.151800238827093,22.09534708385084,"{""neural"": 0.31419359639695876, ""physics"": 4.297675767778869e-17, ""random_forest"": 0.46832134946340015, ""xgboost"": 0.21748505413964112}",16
1,delta0.35_balanced_rp0.05,0.35,True,0.05,physics+neural,2,17.797239841897866,24.303367448029704,"{""neural"": 0.9999999999999023, ""physics"": 9.769962616701378e-14}",16
1,delta0.35_balanced_rp0.05,0.35,True,0.05,physics+neural+xgboost,3,16.412007102736478,22.490725088824718,"{""neural"": 0.5324256804135532, ""physics"": 0.08513704870620388, ""xgboost"": 0.38243727088024293}",16
1,delta0.35_balanced_rp0.05,0.35,True,0.05,physics+neural+random_forest,3,16.355805607545612,22.592285940579416,"{""neural"": 0.24171274641030374, ""physics"": 4.629543276513104e-16, ""random_forest"": 0.7582872535896958}",16
1,delta0.35_balanced_rp0.05,0.35,True,0.05,physics+neural+xgboost+random_forest,4,16.116044390032485,22.085348454098305,"{""neural"": 0.3305809106448441, ""physics"": 0.0, ""random_forest"": 0.46313314376794623, ""xgboost"": 0.20628594558720972}",16
1,delta0.35_unbalanced_rp0.02,0.35,False,0.02,physics+neural,2,18.0840986194381,24.45687963980215,"{""neural"": 0.9999999999999337, ""physics"": 6.628031457012186e-14}",11
1,delta0.35_unbalanced_rp0.02,0.35,False,0.02,physics+neural+xgboost,3,16.569709407891686,22.650651601847848,"{""neural"": 0.31131041267141435, ""physics"": 0.23496000645475795, ""xgboost"": 0.4537295808738276}",11
1,delta0.35_unbalanced_rp0.02,0.35,False,0.02,physics+neural+random_forest,3,16.381396801348338,22.490791438219368,"{""neural"": 0.2025875058277155, ""physics"": 1.0269562977782698e-15, ""random_forest"": 0.7974124941722835}",11
1,delta0.35_unbalanced_rp0.02,0.35,False,0.02,physics+neural+xgboost+random_forest,4,16.199967977777188,22.112182045081955,"{""neural"": 0.25117115982365507, ""physics"": 3.437587925225012e-17, ""random_forest"": 0.5595143837293103, ""xgboost"": 0.18931445644703473}",11
1,delta0.35_unbalanced_rp0.05,0.35,False,0.05,physics+neural,2,18.05888022687061,24.45687371289288,"{""neural"": 0.9999999999998709, ""physics"": 1.291189377639057e-13}",11
1,delta0.35_unbalanced_rp0.05,0.35,False,0.05,physics+neural+xgboost,3,16.568341406675657,22.638998475109435,"{""neural"": 0.3043055247061014, ""physics"": 0.24342987854675965, ""xgboost"": 0.4522645967471389}",11
1,delta0.35_unbalanced_rp0.05,0.35,False,0.05,physics+neural+random_forest,3,16.37409888892288,22.49510687838634,"{""neural"": 0.21063221390704245, ""physics"": 0.0, ""random_forest"": 0.7893677860929575}",11
1,delta0.35_unbalanced_rp0.05,0.35,False,0.05,physics+neural+xgboost+random_forest,4,16.19903897504932,22.107602181849458,"{""neural"": 0.25205445367432716, ""physics"": 0.0, ""random_forest"": 0.5627789118416114, ""xgboost"": 0.1851666344840614}",11
2,delta0.15_balanced_rp0.02,0.15,True,0.02,physics+neural,2,12.2999253927944,19.47559665044227,"{""neural"": 0.999999999999778, ""physics"": 2.220446049250313e-13}",200
2,delta0.15_balanced_rp0.02,0.15,True,0.02,physics+neural+xgboost,3,10.542677403091579,15.626438865006495,"{""neural"": 0.42890090655448565, ""physics"": 0.03560523670698368, ""xgboost"": 0.5354938567385308}",200
2,delta0.15_balanced_rp0.02,0.15,True,0.02,physics+neural+random_forest,3,10.67039653848856,17.277797646291553,"{""neural"": 0.10950289867662184, ""physics"": 0.0, ""random_forest"": 0.8904971013233782}",200
2,delta0.15_balanced_rp0.02,0.15,True,0.02,physics+neural+xgboost+random_forest,4,10.421671582504452,15.900816341078018,"{""neural"": 0.2674213399273138, ""physics"": 9.07976967809247e-17, ""random_forest"": 0.39049076581002234, ""xgboost"": 0.34208789426266367}",200
2,delta0.15_balanced_rp0.05,0.15,True,0.05,physics+neural,2,12.198787505368388,19.477194881441577,"{""neural"": 0.9999999999993295, ""physics"": 6.704636845711321e-13}",193
2,delta0.15_balanced_rp0.05,0.15,True,0.05,physics+neural+xgboost,3,10.507456413536545,15.650241030392138,"{""neural"": 0.44064135968812773, ""physics"": 0.03112363993914379, ""xgboost"": 0.5282350003727284}",193
2,delta0.15_balanced_rp0.05,0.15,True,0.05,physics+neural+random_forest,3,10.647157274175388,17.3234840183273,"{""neural"": 0.14656377414569755, ""physics"": 0.0, ""random_forest"": 0.8534362258543026}",193
2,delta0.15_balanced_rp0.05,0.15,True,0.05,physics+neural+xgboost+random_forest,4,10.384940870452525,15.936729098203205,"{""neural"": 0.284439208440229, ""physics"": 5.819251872908605e-16, ""random_forest"": 0.37373055624987905, ""xgboost"": 0.34183023530989143}",193
2,delta0.15_unbalanced_rp0.02,0.15,False,0.02,physics+neural,2,12.095241693703525,19.539706643422445,"{""neural"": 1.0, ""physics"": 0.0}",95
2,delta0.15_unbalanced_rp0.02,0.15,False,0.02,physics+neural+xgboost,3,10.589446649276516,15.900812411419253,"{""neural"": 0.41572396954518104, ""physics"": 0.06183170154397966, ""xgboost"": 0.5224443289108393}",95
2,delta0.15_unbalanced_rp0.02,0.15,False,0.02,physics+neural+random_forest,3,10.56643803129494,17.416497231235553,"{""neural"": 0.2031350031039529, ""physics"": 0.0, ""random_forest"": 0.796864996896047}",95
2,delta0.15_unbalanced_rp0.02,0.15,False,0.02,physics+neural+xgboost+random_forest,4,10.374044819406594,16.0952193880153,"{""neural"": 0.2684153801200941, ""physics"": 0.0, ""random_forest"": 0.42540521133214965, ""xgboost"": 0.3061794085477562}",95
2,delta0.15_unbalanced_rp0.05,0.15,False,0.05,physics+neural,2,12.062722042956981,19.535937817891913,"{""neural"": 0.9999999999998633, ""physics"": 1.366684543313568e-13}",95
2,delta0.15_unbalanced_rp0.05,0.15,False,0.05,physics+neural+xgboost,3,10.576349419679056,15.906440974210017,"{""neural"": 0.4213822058140702, ""physics"": 0.05928158248857529, ""xgboost"": 0.5193362116973544}",95
2,delta0.15_unbalanced_rp0.05,0.15,False,0.05,physics+neural+random_forest,3,10.555820796266218,17.427201659561952,"{""neural"": 0.2116933949978579, ""physics"": 0.0, ""random_forest"": 0.7883066050021421}",95
2,delta0.15_unbalanced_rp0.05,0.15,False,0.05,physics+neural+xgboost+random_forest,4,10.362938992955034,16.10701752721665,"{""neural"": 0.27471594926419063, ""physics"": 0.0, ""random_forest"": 0.4189624326408199, ""xgboost"": 0.30632161809498953}",95
2,delta0.25_balanced_rp0.02,0.25,True,0.02,physics+neural,2,12.294928502127458,18.99457330284178,"{""neural"": 0.8714884080752923, ""physics"": 0.1285115919247078}",84
2,delta0.25_balanced_rp0.02,0.25,True,0.02,physics+neural+xgboost,3,10.509982880202552,15.529374551763208,"{""neural"": 0.35680463965067033, ""physics"": 0.11907975204576564, ""xgboost"": 0.5241156083035641}",84
2,delta0.25_balanced_rp0.02,0.25,True,0.02,physics+neural+random_forest,3,10.576826402737401,16.982075761713705,"{""neural"": 0.25068124579966444, ""physics"": 0.0, ""random_forest"": 0.7493187542003354}",84
2,delta0.25_balanced_rp0.02,0.25,True,0.02,physics+neural+xgboost+random_forest,4,10.364500286015518,15.632713681871195,"{""neural"": 0.27691387849738425, ""physics"": 0.0, ""random_forest"": 0.4236965291613575, ""xgboost"": 0.2993895923412581}",84
2,delta0.25_balanced_rp0.05,0.25,True,0.05,physics+neural,2,12.290567176702023,18.98743585613945,"{""neural"": 0.8682537003204153, ""physics"": 0.13174629967958473}",85
2,delta0.25_balanced_rp0.05,0.25,True,0.05,physics+neural+xgboost,3,10.513228355669186,15.526411256285133,"{""neural"": 0.35531429563620637, ""physics"": 0.120160650601467, ""xgboost"": 0.5245250537623267}",85
2,delta0.25_balanced_rp0.05,0.25,True,0.05,physics+neural+random_forest,3,10.573458545351947,16.975842958288016,"{""neural"": 0.2510477231108154, ""physics"": 2.761472420089589e-14, ""random_forest"": 0.7489522768891571}",85
2,delta0.25_balanced_rp0.05,0.25,True,0.05,physics+neural+xgboost+random_forest,4,10.365946964386458,15.63630119417384,"{""neural"": 0.2748370530109837, ""physics"": 0.0, ""random_forest"": 0.4282156252693451, ""xgboost"": 0.29694732171967136}",85
2,delta0.25_unbalanced_rp0.02,0.25,False,0.02,physics+neural,2,11.273641538045492,18.4886118888855,"{""neural"": 1.0, ""physics"": 0.0}",43
2,delta0.25_unbalanced_rp0.02,0.25,False,0.02,physics+neural+xgboost,3,10.331334933849117,15.668908411636004,"{""neural"": 0.5773436141287736, ""physics"": 0.0, ""xgboost"": 0.4226563858712265}",43
2,delta0.25_unbalanced_rp0.02,0.25,False,0.02,physics+neural+random_forest,3,10.544454305387848,17.333895598464963,"{""neural"": 0.320273430747943, ""physics"": 9.472308462772638e-15, ""random_forest"": 0.6797265692520474}",43
2,delta0.25_unbalanced_rp0.02,0.25,False,0.02,physics+neural+xgboost+random_forest,4,10.296047099349911,15.945683031533157,"{""neural"": 0.4073936947736588, ""physics"": 0.0, ""random_forest"": 0.2761252515193257, ""xgboost"": 0.3164810537070155}",43
2,delta0.25_unbalanced_rp0.05,0.25,False,0.05,physics+neural,2,11.27362943902075,18.488630517323983,"{""neural"": 0.9999999999999614, ""physics"": 3.8635761256955454e-14}",43
2,delta0.25_unbalanced_rp0.05,0.25,False,0.05,physics+neural+xgboost,3,10.331318769652073,15.66890149428756,"{""neural"": 0.5773431987666472, ""physics"": 7.962109704190423e-19, ""xgboost"": 0.42265680123335286}",43
2,delta0.25_unbalanced_rp0.05,0.25,False,0.05,physics+neural+random_forest,3,10.54444517047877,17.333903484724452,"{""neural"": 0.3202782584792627, ""physics"": 0.0, ""random_forest"": 0.6797217415207372}",43
2,delta0.25_unbalanced_rp0.05,0.25,False,0.05,physics+neural+xgboost+random_forest,4,10.29603637104099,15.945678660278638,"{""neural"": 0.40739847284238745, ""physics"": 2.3258309239323777e-15, ""random_forest"": 0.2761189811013705, ""xgboost"": 0.3164825460562398}",43
2,delta0.35_balanced_rp0.02,0.35,True,0.02,physics+neural,2,12.756439371415997,19.287459702180758,"{""neural"": 0.8114234663041949, ""physics"": 0.18857653369580513}",57
2,delta0.35_balanced_rp0.02,0.35,True,0.02,physics+neural+xgboost,3,10.341532916691992,14.724613677215075,"{""neural"": 0.33033515635881755, ""physics"": 0.10769997514105681, ""xgboost"": 0.5619648685001256}",57
2,delta0.35_balanced_rp0.02,0.35,True,0.02,physics+neural+random_forest,3,10.420270903716204,16.68276315250907,"{""neural"": 0.24188322504117774, ""physics"": 3.031638491407442e-13, ""random_forest"": 0.758116774958519}",57
2,delta0.35_balanced_rp0.02,0.35,True,0.02,physics+neural+xgboost+random_forest,4,10.175104837315587,15.014741943875237,"{""neural"": 0.2710270315032941, ""physics"": 0.0, ""random_forest"": 0.3915718815957805, ""xgboost"": 0.3374010869009255}",57
2,delta0.35_balanced_rp0.05,0.35,True,0.05,physics+neural,2,12.671465068021204,19.026536395603685,"{""neural"": 0.8056360040917929, ""physics"": 0.19436399590820716}",57
2,delta0.35_balanced_rp0.05,0.35,True,0.05,physics+neural+xgboost,3,10.3119868815462,14.675683323125202,"{""neural"": 0.331400639486613, ""physics"": 0.11260553304690146, ""xgboost"": 0.5559938274664855}",57
2,delta0.35_balanced_rp0.05,0.35,True,0.05,physics+neural+random_forest,3,10.403713779854636,16.598588857232702,"{""neural"": 0.24857544055776123, ""physics"": 1.4567269916374026e-13, ""random_forest"": 0.7514245594420931}",57
2,delta0.35_balanced_rp0.05,0.35,True,0.05,physics+neural+xgboost+random_forest,4,10.148435446269836,14.955605364904262,"{""neural"": 0.273775270290397, ""physics"": 9.185669972322939e-17, ""random_forest"": 0.3959061077501075, ""xgboost"": 0.33031862195949535}",57
2,delta0.35_unbalanced_rp0.02,0.35,False,0.02,physics+neural,2,11.092248852281687,17.337010860443115,"{""neural"": 1.0, ""physics"": 0.0}",36
2,delta0.35_unbalanced_rp0.02,0.35,False,0.02,physics+neural+xgboost,3,10.337812175649535,15.385566699049921,"{""neural"": 0.5321090204311005, ""physics"": 0.05121117812346325, ""xgboost"": 0.41667980144543615}",36
2,delta0.35_unbalanced_rp0.02,0.35,False,0.02,physics+neural+random_forest,3,10.368395060329197,16.897150127340534,"{""neural"": 0.39450683660546126, ""physics"": 2.6580051484516673e-15, ""random_forest"": 0.6054931633945361}",36
2,delta0.35_unbalanced_rp0.02,0.35,False,0.02,physics+neural+xgboost+random_forest,4,10.207487648300168,15.692905315355171,"{""neural"": 0.3980755411276212, ""physics"": 0.0, ""random_forest"": 0.3375475357853732, ""xgboost"": 0.26437692308700567}",36
2,delta0.35_unbalanced_rp0.05,0.35,False,0.05,physics+neural,2,11.092060656719898,17.337268829345703,"{""neural"": 1.0, ""physics"": 0.0}",36
2,delta0.35_unbalanced_rp0.05,0.35,False,0.05,physics+neural+xgboost,3,10.337672470592674,15.385558778708461,"{""neural"": 0.5321580786344247, ""physics"": 0.051189120348970656, ""xgboost"": 0.4166528010166048}",36
2,delta0.35_unbalanced_rp0.05,0.35,False,0.05,physics+neural+random_forest,3,10.368328369520452,16.89720032778302,"{""neural"": 0.3945522002397543, ""physics"": 7.647623311533847e-16, ""random_forest"": 0.605447799760245}",36
2,delta0.35_unbalanced_rp0.05,0.35,False,0.05,physics+neural+xgboost+random_forest,4,10.207405666183256,15.692903713342371,"{""neural"": 0.39812992550908094, ""physics"": 2.282619326369963e-16, ""random_forest"": 0.3374872692139689, ""xgboost"": 0.26438280527695}",36
3,delta0.15_balanced_rp0.02,0.15,True,0.02,physics+neural,2,12.965447699886733,19.846270186813605,"{""neural"": 0.9999999999998319, ""physics"": 1.680877659282487e-13}",65
3,delta0.15_balanced_rp0.02,0.15,True,0.02,physics+neural+xgboost,3,11.248594228937105,12.379419223334068,"{""neural"": 0.26799846998654925, ""physics"": 0.0, ""xgboost"": 0.7320015300134508}",65
3,delta0.15_balanced_rp0.02,0.15,True,0.02,physics+neural+random_forest,3,11.684643661481939,15.74838324510996,"{""neural"": 0.27324048777736937, ""physics"": 0.0, ""random_forest"": 0.7267595122226307}",65
3,delta0.15_balanced_rp0.02,0.15,True,0.02,physics+neural+xgboost+random_forest,4,11.137861583126183,13.041236221887177,"{""neural"": 0.14620653130057698, ""physics"": 0.0, ""random_forest"": 0.317621872211913, ""xgboost"": 0.53617159648751}",65
3,delta0.15_balanced_rp0.05,0.15,True,0.05,physics+neural,2,12.965440750122093,19.846327972412315,"{""neural"": 0.9999999999999576, ""physics"": 4.246603069191224e-14}",65
3,delta0.15_balanced_rp0.05,0.15,True,0.05,physics+neural+xgboost,3,11.24860110296932,12.379397751566565,"{""neural"": 0.26799627752233157, ""physics"": 0.0, ""xgboost"": 0.7320037224776685}",65
3,delta0.15_balanced_rp0.05,0.15,True,0.05,physics+neural+random_forest,3,11.684657256779431,15.74837740354279,"{""neural"": 0.2732366639247161, ""physics"": 0.0, ""random_forest"": 0.7267633360752839}",65
3,delta0.15_balanced_rp0.05,0.15,True,0.05,physics+neural+xgboost+random_forest,4,11.137868821469334,13.041209267676116,"{""neural"": 0.14620176889820996, ""physics"": 0.0, ""random_forest"": 0.31762430568101646, ""xgboost"": 0.5361739254207736}",65
3,delta0.15_unbalanced_rp0.02,0.15,False,0.02,physics+neural,2,13.049443663673838,21.119312286376953,"{""neural"": 1.0, ""physics"": 0.0}",48
3,delta0.15_unbalanced_rp0.02,0.15,False,0.02,physics+neural+xgboost,3,11.25904469993601,12.273919744018514,"{""neural"": 0.25445811206742375, ""physics"": 0.0, ""xgboost"": 0.7455418879325763}",48
3,delta0.15_unbalanced_rp0.02,0.15,False,0.02,physics+neural+random_forest,3,11.803046617541616,15.733171558408333,"{""neural"": 0.21527520515654022, ""physics"": 0.0, ""random_forest"": 0.7847247948434597}",48
3,delta0.15_unbalanced_rp0.02,0.15,False,0.02,physics+neural+xgboost+random_forest,4,11.176470019047466,12.949110547849386,"{""neural"": 0.1152464383158244, ""physics"": 4.1174705670417007e-16, ""random_forest"": 0.3259473883308283, ""xgboost"": 0.5588061733533468}",48
3,delta0.15_unbalanced_rp0.05,0.15,False,0.05,physics+neural,2,13.049448771860542,21.119327545166588,"{""neural"": 0.9999999999999073, ""physics"": 9.270362255620058e-14}",48
3,delta0.15_unbalanced_rp0.05,0.15,False,0.05,physics+neural+xgboost,3,11.259047012322506,12.273907240185693,"{""neural"": 0.25445673091359294, ""physics"": 0.0, ""xgboost"": 0.7455432690864071}",48
3,delta0.15_unbalanced_rp0.05,0.15,False,0.05,physics+neural+random_forest,3,11.803054338519757,15.733136604606207,"{""neural"": 0.2152701992139674, ""physics"": 0.0, ""random_forest"": 0.7847298007860326}",48
3,delta0.15_unbalanced_rp0.05,0.15,False,0.05,physics+neural+xgboost+random_forest,4,11.176472054275276,12.94908709374166,"{""neural"": 0.11524383490202714, ""physics"": 5.363804374752335e-17, ""random_forest"": 0.32594857601307625, ""xgboost"": 0.5588075890848966}",48
3,delta0.25_balanced_rp0.02,0.25,True,0.02,physics+neural,2,12.377241367778563,17.90402504111954,"{""neural"": 0.9437925727306055, ""physics"": 0.0562074272693945}",47
3,delta0.25_balanced_rp0.02,0.25,True,0.02,physics+neural+xgboost,3,11.10083933638072,12.966281389483754,"{""neural"": 0.37595405539430354, ""physics"": 0.015232881012003497, ""xgboost"": 0.608813063593693}",47
3,delta0.25_balanced_rp0.02,0.25,True,0.02,physics+neural+random_forest,3,11.294759820497609,15.394811376292232,"{""neural"": 0.4212040258963241, ""physics"": 0.0, ""random_forest"": 0.5787959741036759}",47
3,delta0.25_balanced_rp0.02,0.25,True,0.02,physics+neural+xgboost+random_forest,4,10.970697626702766,13.404330626541551,"{""neural"": 0.29727842485444034, ""physics"": 2.876333306462472e-16, ""random_forest"": 0.2611238491072897, ""xgboost"": 0.44159772603826974}",47
3,delta0.25_balanced_rp0.05,0.25,True,0.05,physics+neural,2,12.37717373844705,17.903991915358468,"{""neural"": 0.9438075107170322, ""physics"": 0.05619248928296792}",47
3,delta0.25_balanced_rp0.05,0.25,True,0.05,physics+neural+xgboost,3,11.100825398918253,12.966205383223112,"{""neural"": 0.3759677397463648, ""physics"": 0.015226227027469619, ""xgboost"": 0.6088060332261657}",47
3,delta0.25_balanced_rp0.05,0.25,True,0.05,physics+neural+random_forest,3,11.294774133382457,15.394863775668925,"{""neural"": 0.42121110645612114, ""physics"": 0.0, ""random_forest"": 0.578788893543879}",47
3,delta0.25_balanced_rp0.05,0.25,True,0.05,physics+neural+xgboost+random_forest,4,10.97070123354447,13.404339571453566,"{""neural"": 0.29728415799421304, ""physics"": 1.3935052489752686e-17, ""random_forest"": 0.26111004668126275, ""xgboost"": 0.44160579532452426}",47
3,delta0.25_unbalanced_rp0.02,0.25,False,0.02,physics+neural,2,12.596809488055474,18.793376286826817,"{""neural"": 0.9999999999997314, ""physics"": 2.6856294965682537e-13}",40
3,delta0.25_unbalanced_rp0.02,0.25,False,0.02,physics+neural+xgboost,3,11.15991923256715,12.442165688204897,"{""neural"": 0.3064414498645666, ""physics"": 0.009018827363285244, ""xgboost"": 0.6845397227721481}",40
3,delta0.25_unbalanced_rp0.02,0.25,False,0.02,physics+neural+random_forest,3,11.638850577345936,16.52197307120789,"{""neural"": 0.3369866163410962, ""physics"": 0.0, ""random_forest"": 0.6630133836589037}",40
3,delta0.25_unbalanced_rp0.02,0.25,False,0.02,physics+neural+xgboost+random_forest,4,11.127470930302271,13.26326499602429,"{""neural"": 0.20195069896513013, ""physics"": 2.0301939789675247e-16, ""random_forest"": 0.26605105915639254, ""xgboost"": 0.5319982418784772}",40
3,delta0.25_unbalanced_rp0.05,0.25,False,0.05,physics+neural,2,12.596791225740283,18.79343382517497,"{""neural"": 1.0, ""physics"": 0.0}",40
3,delta0.25_unbalanced_rp0.05,0.25,False,0.05,physics+neural+xgboost,3,11.159913934548698,12.442199472454837,"{""neural"": 0.30645121507910306, ""physics"": 0.009013564659148498, ""xgboost"": 0.6845352202617484}",40
3,delta0.25_unbalanced_rp0.05,0.25,False,0.05,physics+neural+random_forest,3,11.638847448530882,16.5219996328808,"{""neural"": 0.33699001692579295, ""physics"": 1.1652462848787959e-15, ""random_forest"": 0.663009983074206}",40
3,delta0.25_unbalanced_rp0.05,0.25,False,0.05,physics+neural+xgboost+random_forest,4,11.12746637502793,13.263296302431641,"{""neural"": 0.20195574883384218, ""physics"": 1.1567412270554155e-15, ""random_forest"": 0.26604741965315554, ""xgboost"": 0.5319968315130011}",40
3,delta0.35_balanced_rp0.02,0.35,True,0.02,physics+neural,2,12.736907079995783,17.16068652079364,"{""neural"": 0.9964440305167732, ""physics"": 0.0035559694832267667}",32
3,delta0.35_balanced_rp0.02,0.35,True,0.02,physics+neural+xgboost,3,11.293345055640847,11.76178905464606,"{""neural"": 0.10055290387529583, ""physics"": 0.09598671856245439, ""xgboost"": 0.8034603775622496}",32
3,delta0.35_balanced_rp0.02,0.35,True,0.02,physics+neural+random_forest,3,11.861659547683951,15.926918444832246,"{""neural"": 0.1653462230674433, ""physics"": 9.12572968581049e-16, ""random_forest"": 0.8346537769325558}",32
3,delta0.35_balanced_rp0.02,0.35,True,0.02,physics+neural+xgboost+random_forest,4,11.205528664800116,12.255169117834138,"{""neural"": 0.0, ""physics"": 0.02253514842097056, ""random_forest"": 0.3816987975668946, ""xgboost"": 0.5957660540121349}",32
3,delta0.35_balanced_rp0.05,0.35,True,0.05,physics+neural,2,12.736837938470575,17.160664249527702,"{""neural"": 0.9964898508803979, ""physics"": 0.0035101491196022055}",32
3,delta0.35_balanced_rp0.05,0.35,True,0.05,physics+neural+xgboost,3,11.29333212943648,11.76186836756415,"{""neural"": 0.10059964287136586, ""physics"": 0.09596929727702817, ""xgboost"": 0.803431059851606}",32
3,delta0.35_balanced_rp0.05,0.35,True,0.05,physics+neural+random_forest,3,11.861628870782058,15.927441436568435,"{""neural"": 0.1653969440480618, ""physics"": 0.0, ""random_forest"": 0.8346030559519383}",32
3,delta0.35_balanced_rp0.05,0.35,True,0.05,physics+neural+xgboost+random_forest,4,11.205528669859833,12.255169184518014,"{""neural"": 0.0, ""physics"": 0.02253514626728351, ""random_forest"": 0.3816988240518913, ""xgboost"": 0.5957660296808253}",32
3,delta0.35_unbalanced_rp0.02,0.35,False,0.02,physics+neural,2,13.031170590545964,18.125757899519865,"{""neural"": 0.8912891743193097, ""physics"": 0.10871082568069043}",29
3,delta0.35_unbalanced_rp0.02,0.35,False,0.02,physics+neural+xgboost,3,11.28922446029229,11.767753874559142,"{""neural"": 0.08918465942014926, ""physics"": 0.10119889725293342, ""xgboost"": 0.8096164433269174}",29
3,delta0.35_unbalanced_rp0.02,0.35,False,0.02,physics+neural+random_forest,3,11.79506973003532,16.424589043430817,"{""neural"": 0.22034603447468742, ""physics"": 2.6333644466414174e-15, ""random_forest"": 0.77965396552531}",29
3,delta0.35_unbalanced_rp0.02,0.35,False,0.02,physics+neural+xgboost+random_forest,4,11.205528473230908,12.255157401945771,"{""neural"": 8.402566836762659e-19, ""physics"": 0.02253421719614786, ""random_forest"": 0.38169937217447547, ""xgboost"": 0.5957664106293766}",29
3,delta0.35_unbalanced_rp0.05,0.35,False,0.05,physics+neural,2,13.031206848003576,18.125815631943095,"{""neural"": 0.8912928903456672, ""physics"": 0.10870710965433282}",29
3,delta0.35_unbalanced_rp0.05,0.35,False,0.05,physics+neural+xgboost,3,11.289237521555371,11.767691117752952,"{""neural"": 0.08915717791405124, ""physics"": 0.10120672615928428, ""xgboost"": 0.8096360959266645}",29
3,delta0.35_unbalanced_rp0.05,0.35,False,0.05,physics+neural+random_forest,3,11.7950896664545,16.4243829832671,"{""neural"": 0.2203288427879668, ""physics"": 0.0, ""random_forest"": 0.7796711572120332}",29
3,delta0.35_unbalanced_rp0.05,0.35,False,0.05,physics+neural+xgboost+random_forest,4,11.205528475712464,12.255157600942944,"{""neural"": 4.672802339556069e-18, ""physics"": 0.022534234463501196, ""random_forest"": 0.38169935662527515, ""xgboost"": 0.5957664089112237}",29
