"path","sha256","bytes"
"v4.1/results/v4_2_model_strengthening/application_case_studies_v4_2.csv","b210e26726ddaf1fd2d8146572f7d2bb2e5115c2315c01d08e322351a9118be4","1357"
"v4.1/results/v4_2_model_strengthening/confirmation_bootstrap_v4_2.csv","11bed5e26b9ec90e4edca3060024998e281ff68f5bf3dbde894a3edd6f9a2ab6","2164"
"v4.1/results/v4_2_model_strengthening/confirmation_metrics_v4_2.csv","4d1c0c708b85aa4171019b2c210a04a08bc72d3c1efd842eea4213fe6d42f154","1736"
"v4.1/results/v4_2_model_strengthening/confirmation_predictions_v4_2.csv","21aa2f8d70179b3f7f02095000e0c5a749a33f560c9694a6010f2c6c3007d74b","65469"
"v4.1/results/v4_2_model_strengthening/Figure_LOSO_source_transfer_v4_2.png","0fd5675d74e2be6dea9c86ffc2a399c66a698101d8a277021ac12024a00e1fb5","98905"
"v4.1/results/v4_2_model_strengthening/loso_bootstrap_v4_2.csv","9135a746721c7bb9bef764e23d9d9c45dd696551b003a44f23ddf9b3d9d52995","1962"
"v4.1/results/v4_2_model_strengthening/loso_metrics_v4_2.csv","2f487387f6e6c5a3379a23aae3d0dc3956a98cc1499acfcf99ba950b1768e285","1023"
"v4.1/results/v4_2_model_strengthening/loso_predictions_v4_2.csv","48f3be2076290836aedc70b13ac48a011cf73d8140c71eae57a6a4bb33f9699d","52790"
"v4.1/results/v4_2_model_strengthening/loso_source_metrics_v4_2.csv","e9a40a76ebc91d5f73b9711ff326883185744f8ba9fefdc23d8fcdf613c351fa","7095"
"v4.1/results/v4_2_model_strengthening/model_strengthening_report_v4_2.json","94f84280c1885ed4ec8214f25e1ff4cf938965e2909ec2164325ba8aabb3a76d","3168"
"v4.1/results/v4_2_model_strengthening/model_strengthening_v4_2.xlsx","22f996fb20f5aa6ba8ae2836061883eb11e24b8e2f634009f7eea0fca3518965","17691"
"v4.1/results/v4_2_model_strengthening/run_manifest_v4_2.json","ff59f03b1c2b8c9df12b718798d6eeab6f548fa50fe94d967866ebd93d168be4","1708"
