sample_id,record_id,held_out_source,source_group_id,surface_group_id,target_liquid_id,solid_family,v4_split,n_probes,loso_fold,theta_observed_deg,physics_prediction,global_mean_residual_prediction,liquid_mean_residual_prediction,ridge_residual_prediction,direct_xgboost_prediction,xgboost_residual_prediction,weighted_xgboost_residual_prediction,liquid_training_count,ridge_alpha,unknown_category
PA_CA0143,CA0143,SRC019,SRC019,SFC_158AAEDEF9ED,LIQ_0F4168490E,polymer,train,2,5,76.3,93.4878,89.16847828527291,91.23122566878453,91.8312029838562,96.59718627929688,95.53213238716125,94.61884239912033,53,1000.0,no
PA_CA0144,CA0144,SRC019,SRC019,SFC_158AAEDEF9ED,LIQ_6656B41AB7,polymer,train,2,5,41.7,89.16001,84.84068897863229,76.74700869898699,81.16751718521118,62.23659744262695,52.60471420288086,49.101864624023435,52,1000.0,no
PA_CA0145,CA0145,SRC019,SRC019,SFC_158AAEDEF9ED,LIQ_53310FAFB3,polymer,train,2,5,58.2,36.62857,32.30924824376901,36.76144500900575,33.19244122505188,51.58838653564453,42.86153402328491,42.83096437454223,36,1000.0,no
PA_CA0146,CA0146,SRC019,SRC019,SFC_2B64446C7017,LIQ_0F4168490E,polymer,train,2,5,82.7,90.15057,85.83125141759713,87.89399880110875,88.5668830871582,92.51932678222656,90.70807559937239,90.1155463412404,53,1000.0,no
PA_CA0147,CA0147,SRC019,SRC019,SFC_2B64446C7017,LIQ_6656B41AB7,polymer,train,2,5,37.7,61.815624,57.496301924188934,49.40262164454363,55.97437524795532,57.05186309814453,58.924226951599124,59.9076651096344,52,1000.0,no
PA_CA0148,CA0148,SRC019,SRC019,SFC_2B64446C7017,LIQ_53310FAFB3,polymer,train,2,5,53.3,44.136333,39.81701115270456,44.269207917941294,41.03049945831299,52.788578796386716,49.2396764755249,48.55875196456909,36,1000.0,no
PA_CA0149,CA0149,SRC019,SRC019,SFC_DE2A842947A3,LIQ_0F4168490E,polymer,train,2,5,72.3,86.246796,81.92747334142526,83.99022072493688,84.75309562683105,84.87399597167969,83.8240250825882,83.02422218322754,53,1000.0,no
PA_CA0150,CA0150,SRC019,SRC019,SFC_DE2A842947A3,LIQ_6656B41AB7,polymer,train,2,5,30.9,74.25163,69.93231037755807,61.83863009791277,66.9408392906189,40.49739990234375,37.308502197265625,34.24232635498047,52,1000.0,no
PA_CA0151,CA0151,SRC019,SRC019,SFC_DE2A842947A3,LIQ_53310FAFB3,polymer,train,2,5,46.7,24.95053,20.631206785639126,25.083403550875865,21.771766901016235,49.161415100097656,33.267520141601565,33.773448371887206,36,1000.0,no
PA_CA0152,CA0152,SRC019,SRC019,SFC_F38D9A54A3DA,LIQ_0F4168490E,polymer,train,2,5,78.1,82.74831,78.42898396154244,80.49173134505406,81.03077626228333,76.4753921508789,78.08357810974121,76.72563724517822,53,1000.0,no
PA_CA0153,CA0153,SRC019,SRC019,SFC_F38D9A54A3DA,LIQ_6656B41AB7,polymer,train,2,5,37.7,53.518486,49.199163710077606,41.1054834304323,47.845932960510254,52.89070816040039,52.466442227363586,52.59446853399277,52,1000.0,no
PA_CA0154,CA0154,SRC019,SRC019,SFC_F38D9A54A3DA,LIQ_53310FAFB3,polymer,train,2,5,44.2,37.725967,33.40664509435495,37.858841859591685,34.501349210739136,51.539441680908205,43.2313346862793,42.66746373176575,36,1000.0,no
PA_CA0155,CA0155,SRC019,SRC019,SFC_728CE2CDF422,LIQ_0F4168490E,polymer,train,2,5,86.2,87.832085,83.5127623428901,85.57550972640172,86.30676674842834,92.07809143066406,86.88428583145142,85.94089937210083,53,1000.0,no
PA_CA0156,CA0156,SRC019,SRC019,SFC_728CE2CDF422,LIQ_6656B41AB7,polymer,train,2,5,33.6,40.27296,35.953638349970184,27.859958070324875,35.53770637512207,42.36290283203125,41.68045299053192,39.96705763339996,52,1000.0,no
PA_CA0157,CA0157,SRC019,SRC019,SFC_728CE2CDF422,LIQ_53310FAFB3,polymer,train,2,5,49.4,47.382008,43.06268528600534,47.514882051242076,44.44873237609863,56.61970748901367,52.0647780418396,50.76584391593933,36,1000.0,no
PA_CA0158,CA0158,SRC019,SRC019,SFC_18B35400A3DF,LIQ_0F4168490E,polymer,train,2,5,77.6,90.128975,85.80965260167916,87.87239998519078,88.60550117492676,92.56768646240235,90.70991367548704,90.19610888510942,53,1000.0,yes
PA_CA0159,CA0159,SRC019,SRC019,SFC_18B35400A3DF,LIQ_6656B41AB7,polymer,train,2,5,40.5,76.88901,72.56968525548776,64.47600497584246,69.95796966552734,47.41226348876953,63.328665542602536,61.51497116088867,52,1000.0,yes
PA_CA0160,CA0160,SRC019,SRC019,SFC_18B35400A3DF,LIQ_53310FAFB3,polymer,train,2,5,54.1,38.071484,33.752161299188934,38.20435806442567,34.85852909088135,51.595237731933594,43.94874677658081,43.83059310913086,36,1000.0,yes
PA_CA0161,CA0161,SRC019,SRC019,SFC_A2A13A70D232,LIQ_0F4168490E,polymer,train,2,5,79.7,92.14045,87.82112721105416,89.88387459456578,90.4604184627533,95.962939453125,92.68377961888909,92.08074699640274,53,1000.0,yes
PA_CA0162,CA0162,SRC019,SRC019,SFC_A2A13A70D232,LIQ_6656B41AB7,polymer,train,2,5,48.0,82.09009,77.77076557775338,69.67708529810808,74.99303722381592,45.217770385742185,50.87743873596192,45.84608154296875,52,1000.0,yes
PA_CA0163,CA0163,SRC019,SRC019,SFC_A2A13A70D232,LIQ_53310FAFB3,polymer,train,2,5,58.7,43.977222,39.65790012975534,44.110096894992076,40.555169105529785,52.68326644897461,49.40206928253174,48.85616126060486,36,1000.0,yes
PA_CA0164,CA0164,SRC019,SRC019,SFC_1A0DE38C2B6C,LIQ_0F4168490E,polymer,train,2,5,66.7,85.244995,80.92567280431588,82.9884201878275,83.8144040107727,78.0582275390625,81.02783961296082,79.71537857055664,53,1000.0,yes
PA_CA0165,CA0165,SRC019,SRC019,SFC_1A0DE38C2B6C,LIQ_6656B41AB7,polymer,train,2,5,33.0,85.99369,81.67436817785104,73.58068789820574,77.43504905700684,52.708230590820314,47.93457717895508,44.0492805480957,52,1000.0,yes
PA_CA0166,CA0166,SRC019,SRC019,SFC_1A0DE38C2B6C,LIQ_53310FAFB3,polymer,train,2,5,46.0,10.235278,5.915955816706021,10.36815258194276,6.9652087688446045,51.694950103759766,43.869930839538576,42.84297275543213,36,1000.0,yes
PA_CA0167,CA0167,SRC019,SRC019,SFC_B939DB90B487,LIQ_0F4168490E,polymer,train,2,5,85.3,89.97391,85.6545851578315,87.71733254134313,88.396728515625,92.7511978149414,90.45843995064497,90.05038284659386,53,1000.0,yes
PA_CA0168,CA0168,SRC019,SRC019,SFC_B939DB90B487,LIQ_6656B41AB7,polymer,train,2,5,42.7,57.68672,53.3673994888862,45.273719209240895,52.30451965332031,52.30919418334961,53.781422805786136,53.752391529083255,52,1000.0,yes
PA_CA0169,CA0169,SRC019,SRC019,SFC_B939DB90B487,LIQ_53310FAFB3,polymer,train,2,5,54.6,49.102173,44.78285053869089,49.23504730392762,46.02300691604614,58.36595230102539,53.58958206176758,53.40956635475159,36,1000.0,yes
PA_CA0170,CA0170,SRC019,SRC019,SFC_20F9A903B6D3,LIQ_0F4168490E,polymer,train,2,5,70.8,83.7154,79.39607838292916,81.45882576644078,82.28512477874756,76.15142517089843,78.95464906692504,77.78007669448853,53,1000.0,yes
PA_CA0171,CA0171,SRC019,SRC019,SFC_20F9A903B6D3,LIQ_6656B41AB7,polymer,train,2,5,31.6,71.8066,67.48728016515572,59.393599885510426,64.65669345855713,40.49654083251953,37.29286117553711,35.152398681640626,52,1000.0,yes
PA_CA0172,CA0172,SRC019,SRC019,SFC_20F9A903B6D3,LIQ_53310FAFB3,polymer,train,2,5,43.6,21.985996,17.666673933466274,22.118870698703013,18.863356113433838,49.26622695922852,30.264727210998537,30.830693244934082,36,1000.0,yes
PA_CA0173,CA0173,SRC019,SRC019,SFC_B194AD3300AA,LIQ_0F4168490E,polymer,train,2,5,70.0,92.25048,87.93115833898385,89.99390572249547,90.52126264572144,95.37561340332032,93.32684797048569,92.59996595233679,53,1000.0,no
PA_CA0174,CA0174,SRC019,SRC019,SFC_B194AD3300AA,LIQ_6656B41AB7,polymer,train,2,5,44.5,102.96373,98.64440754552682,90.55072726588152,93.32083702087402,82.44483032226563,67.89979248046875,65.00744171142578,52,1000.0,no
PA_CA0175,CA0175,SRC019,SRC019,SFC_B194AD3300AA,LIQ_53310FAFB3,polymer,train,2,5,57.7,27.46157,23.142248426874477,27.594445192111216,23.664856672286987,50.04664001464844,35.30811195373535,36.52196063995361,36,1000.0,no
PA_CA0176,CA0176,SRC019,SRC019,SFC_518FE42D18EE,LIQ_0F4168490E,polymer,train,2,5,67.9,81.840836,77.52151325841744,79.58426064192906,80.27887058258057,75.77034606933594,77.28890895843506,76.07742404937744,53,1000.0,no
PA_CA0177,CA0177,SRC019,SRC019,SFC_518FE42D18EE,LIQ_6656B41AB7,polymer,train,2,5,30.1,73.20144,68.88211659093697,60.788436311291676,65.58161735534668,40.49654083251953,38.68769760131836,36.547235107421876,52,1000.0,no
PA_CA0178,CA0178,SRC019,SRC019,SFC_518FE42D18EE,LIQ_53310FAFB3,polymer,train,2,5,40.6,12.533483,8.21416023870309,12.66635700393983,9.272271394729614,50.66633224487305,46.492721748352054,45.28252124786377,36,1000.0,no
PA_CA0179,CA0179,SRC019,SRC019,SFC_5B4B735AB969,LIQ_0F4168490E,polymer,train,2,5,84.9,92.58916,88.26983479162057,90.33258217513219,90.9050018787384,96.28665313720703,93.52404590249061,93.15427539050579,53,1000.0,no
PA_CA0180,CA0180,SRC019,SRC019,SFC_5B4B735AB969,LIQ_6656B41AB7,polymer,train,2,5,43.3,66.54054,62.22122028966745,54.127540010022145,60.573689460754395,57.263606262207034,60.48541421890259,60.51173238754272,52,1000.0,no
PA_CA0181,CA0181,SRC019,SRC019,SFC_5B4B735AB969,LIQ_53310FAFB3,polymer,train,2,5,57.7,48.817272,44.497949873407684,48.95014663864442,45.588313579559326,57.54565200805664,53.146730947494504,52.87700028419495,36,1000.0,no
PA_CA0182,CA0182,SRC019,SRC019,SFC_C21C1D938B32,LIQ_0F4168490E,polymer,train,2,5,71.5,84.32269,80.00337055822213,82.06611794173375,82.73034906387329,78.29739990234376,79.6579647064209,78.31130924224854,53,1000.0,no
PA_CA0183,CA0183,SRC019,SRC019,SFC_C21C1D938B32,LIQ_6656B41AB7,polymer,train,2,5,34.0,73.01955,68.70022419591744,60.606543916272145,65.72447156906128,40.49654083251953,38.50580520629883,36.365342712402345,52,1000.0,no
PA_CA0184,CA0184,SRC019,SRC019,SFC_C21C1D938B32,LIQ_53310FAFB3,polymer,train,2,5,45.1,24.765427,20.44610432287057,24.89830108810731,21.459371089935303,50.177189636230466,32.76103172302246,33.47549686431885,36,1000.0,no
PA_CA0185,CA0185,SRC019,SRC019,SFC_7CE7C443ED47,LIQ_0F4168490E,polymer,train,2,5,76.7,85.299355,80.98003224035104,83.04277962386266,83.76012945175171,77.93713989257813,81.36383094787598,79.68978071212769,53,1000.0,no
PA_CA0186,CA0186,SRC019,SRC019,SFC_7CE7C443ED47,LIQ_6656B41AB7,polymer,train,2,5,32.4,61.304726,56.98540333410104,48.89172305445574,55.12801456451416,54.41760940551758,57.33386855125427,58.393764448165896,52,1000.0,no
PA_CA0187,CA0187,SRC019,SRC019,SFC_7CE7C443ED47,LIQ_53310FAFB3,polymer,train,2,5,45.9,33.590534,29.271211897333462,33.7234086625702,30.49140501022339,51.17469253540039,42.45273342132568,42.42670593261719,36,1000.0,no
PA_CA0188,CA0188,SRC019,SRC019,SFC_3A912BE10F78,LIQ_0F4168490E,polymer,train,2,5,77.6,89.89561,85.57628468175729,87.6390320652689,88.30271577835083,91.32040252685547,89.98882897570729,89.46597345620394,53,1000.0,yes
PA_CA0189,CA0189,SRC019,SRC019,SFC_3A912BE10F78,LIQ_6656B41AB7,polymer,train,2,5,43.3,78.216125,73.89680317540963,65.80312289576433,71.20025253295898,45.68884048461914,47.11588134765625,43.337643432617185,52,1000.0,yes
PA_CA0190,CA0190,SRC019,SRC019,SFC_3A912BE10F78,LIQ_53310FAFB3,polymer,train,2,5,54.7,39.198887,34.87956455846628,39.33176132370301,35.88414978981018,51.011051940917966,44.91819925308228,44.74556293487549,36,1000.0,yes
PA_CA0191,CA0191,SRC019,SRC019,SFC_A85159655264,LIQ_0F4168490E,polymer,train,2,5,76.8,88.92133,84.60201100011666,86.66475838362828,87.37464165687561,91.90020904541015,88.97350379750132,88.37315715551377,53,1000.0,yes
PA_CA0192,CA0192,SRC019,SRC019,SFC_A85159655264,LIQ_6656B41AB7,polymer,train,2,5,40.8,76.00878,71.68945912023385,63.59577884058855,69.07129049301147,45.98426132202148,45.17690200805664,41.40049285888672,52,1000.0,yes
PA_CA0193,CA0193,SRC019,SRC019,SFC_A85159655264,LIQ_53310FAFB3,polymer,train,2,5,52.8,37.00698,32.68765858312448,37.139855348361216,33.75717616081238,51.57348861694336,42.88424406051636,42.766090393066406,36,1000.0,yes
PA_CA0194,CA0194,SRC019,SRC019,SFC_FFB6C9027014,LIQ_0F4168490E,polymer,train,2,5,69.2,85.3655,81.04617909093697,83.1089264744486,83.91118717193604,84.02858276367188,80.76379036903381,79.43037643432618,53,1000.0,yes
PA_CA0195,CA0195,SRC019,SRC019,SFC_FFB6C9027014,LIQ_6656B41AB7,polymer,train,2,5,34.2,81.22471,76.90538624425729,68.81170596461199,73.26909446716309,40.70441589355469,44.18687057495117,40.866634368896484,52,1000.0,yes
PA_CA0196,CA0196,SRC019,SRC019,SFC_FFB6C9027014,LIQ_53310FAFB3,polymer,train,2,5,46.5,19.560549,15.241226469477017,19.693423234713755,16.298298835754395,51.63827819824219,52.800048446655275,51.82611846923828,36,1000.0,yes
PA_CA0197,CA0197,SRC019,SRC019,SFC_A4D0CCDC96C9,LIQ_0F4168490E,polymer,train,2,5,64.0,80.89723,76.57790974279244,78.64065712630406,79.33549213409424,76.40916748046875,76.47212920188903,75.45279016494752,53,1000.0,yes
PA_CA0198,CA0198,SRC019,SRC019,SFC_A4D0CCDC96C9,LIQ_6656B41AB7,polymer,train,2,5,34.4,82.172615,77.85329273839791,69.75961245875261,73.63618850708008,39.74566421508789,44.848714447021486,40.46840896606445,52,1000.0,yes
PA_CA0199,CA0199,SRC019,SRC019,SFC_A4D0CCDC96C9,LIQ_53310FAFB3,polymer,train,2,5,40.6,0.0,0.0,0.1328744523651231,0.0,35.37454833984375,28.733989715576172,28.140774536132813,36,1000.0,yes
PA_CA0200,CA0200,SRC019,SRC019,SFC_122E5AC99B75,LIQ_0F4168490E,polymer,train,2,5,73.5,85.72642,81.40709522863229,83.4698426121439,84.19149851799011,84.16380004882812,81.1627968788147,79.71309614181519,53,1000.0,yes
PA_CA0201,CA0201,SRC019,SRC019,SFC_122E5AC99B75,LIQ_6656B41AB7,polymer,train,2,5,38.0,74.16542,69.84609821935494,61.752417939709645,67.0824613571167,40.49739990234375,37.2222900390625,34.156114196777345,52,1000.0,yes
PA_CA0202,CA0202,SRC019,SRC019,SFC_122E5AC99B75,LIQ_53310FAFB3,polymer,train,2,5,48.1,30.484266,26.164943968256313,30.617140733493052,27.22381067276001,51.37858657836914,38.4737585067749,39.180563068389894,36,1000.0,yes
PA_CA0203,CA0203,SRC021,SRC021,SFC_AF7901E44BC5,LIQ_0F4168490E,semiconductor,train,3,7,148.4,97.73563,91.71903762249993,89.54971431155208,134.14095306396484,130.52256469726564,113.73868217468262,108.10256996154786,65,10.0,yes
PA_CA0204,CA0204,SRC021,SRC021,SFC_AF7901E44BC5,LIQ_53310FAFB3,semiconductor,train,3,7,13.7,81.382324,75.3657356205468,91.46890755365934,141.93001556396484,107.88285980224609,103.47066612243653,97.85781345367431,48,10.0,yes
PA_CA0205,CA0205,SRC021,SRC021,SFC_AF7901E44BC5,LIQ_6656B41AB7,semiconductor,train,3,7,10.1,62.571476,56.554887384462816,44.09020252463095,127.67385482788086,87.49892883300781,82.6269317626953,78.42856521606446,64,10.0,yes
PA_CA0206,CA0206,SRC021,SRC021,SFC_AF7901E44BC5,LIQ_1BD1B94C09,semiconductor,train,3,7,88.0,69.20835,63.19176253705071,69.50867769978736,141.56639862060547,88.9091293334961,88.83526077270508,84.02793350219727,23,10.0,yes
PA_CA0207,CA0207,SRC021,SRC021,SFC_64CEEFE0D7DB,LIQ_0F4168490E,semiconductor,train,3,7,157.0,99.03297,93.01637801556633,90.84705470461849,141.8570899963379,131.72645263671876,116.63995780944825,111.02913208007813,65,10.0,yes
PA_CA0208,CA0208,SRC021,SRC021,SFC_64CEEFE0D7DB,LIQ_53310FAFB3,semiconductor,train,3,7,14.2,85.11407,79.09747847943352,95.20065041254605,150.46735382080078,113.02863311767578,107.22218399047851,101.47634449005128,48,10.0,yes
PA_CA0209,CA0209,SRC021,SRC021,SFC_64CEEFE0D7DB,LIQ_6656B41AB7,semiconductor,train,3,7,10.0,68.95416,62.93757399945305,50.47288913962119,136.53276824951172,87.55397186279296,87.77484245300293,82.0481367111206,64,10.0,yes
PA_CA0210,CA0210,SRC021,SRC021,SFC_64CEEFE0D7DB,LIQ_1BD1B94C09,semiconductor,train,3,7,94.5,70.747246,64.73065719037102,71.04757235310767,148.44982147216797,90.97382049560547,90.4001350402832,85.58397769927979,23,10.0,yes
PA_CA0211,CA0211,SRC021,SRC021,SFC_6A9094C843B2,LIQ_0F4168490E,semiconductor,train,3,7,129.3,97.24331,91.2267204227929,89.05739711184505,81.67677116394043,89.81387786865234,91.23247547149658,89.78674192428589,65,10.0,yes
PA_CA0212,CA0212,SRC021,SRC021,SFC_6A9094C843B2,LIQ_53310FAFB3,semiconductor,train,3,7,59.1,70.664986,64.64839705853508,80.75156899164762,115.81120300292969,95.41600646972657,94.26770057678223,88.97957611083984,48,10.0,yes
PA_CA0213,CA0213,SRC021,SRC021,SFC_6A9094C843B2,LIQ_6656B41AB7,semiconductor,train,3,7,30.0,51.36276,45.34617003827141,32.88148517843955,89.66108322143555,82.09700317382813,68.20288066864013,63.35193519592285,64,10.0,yes
PA_CA0214,CA0214,SRC021,SRC021,SFC_6A9094C843B2,LIQ_1BD1B94C09,semiconductor,train,3,7,63.5,74.769844,68.75325545697258,75.07017061970923,109.39443969726562,97.80626983642578,94.94010391235352,89.85681266784668,23,10.0,yes
PA_CA0215,CA0215,SRC021,SRC021,SFC_FF57CC803397,LIQ_0F4168490E,semiconductor,train,3,7,103.8,92.260414,86.24382552533196,84.07450221438411,95.22704887390137,94.11233978271484,87.32019605636597,85.27951164245606,65,10.0,yes
PA_CA0216,CA0216,SRC021,SRC021,SFC_FF57CC803397,LIQ_53310FAFB3,semiconductor,train,3,7,38.6,61.286003,55.26941451458977,71.3725864477023,76.5730209350586,62.043253326416014,64.14343609809876,63.67011368274689,48,10.0,yes
PA_CA0217,CA0217,SRC021,SRC021,SFC_FF57CC803397,LIQ_6656B41AB7,semiconductor,train,3,7,18.5,23.340355,17.323766321230394,4.859081461398532,53.1882209777832,42.1588249206543,36.19792594909668,35.10021152496338,64,10.0,yes
PA_CA0218,CA0218,SRC021,SRC021,SFC_FF57CC803397,LIQ_1BD1B94C09,semiconductor,train,3,7,66.2,59.34163,53.32504043011711,59.64195559285376,76.40898895263672,59.59447021484375,64.54034957885742,64.12812576293945,23,10.0,yes
PA_CA0219,CA0219,SRC021,SRC021,SFC_A7B1D9A554FD,LIQ_0F4168490E,semiconductor,train,3,7,143.8,135.18443,129.16784438519522,126.99852107424739,110.14910697937012,118.2079345703125,122.2150110244751,123.42398853302002,65,10.0,yes
PA_CA0220,CA0220,SRC021,SRC021,SFC_A7B1D9A554FD,LIQ_53310FAFB3,semiconductor,train,3,7,119.7,126.09983,120.0832420292382,136.18641396235074,106.34119033813477,116.4109390258789,115.46530780792236,118.5389482498169,48,10.0,yes
PA_CA0221,CA0221,SRC021,SRC021,SFC_A7B1D9A554FD,LIQ_6656B41AB7,semiconductor,train,3,7,117.8,117.36383,111.34724196820305,98.88255710837119,87.83966255187988,96.41654663085937,89.69513664245605,84.77831802368163,64,10.0,yes
PA_CA0222,CA0222,SRC021,SRC021,SFC_A7B1D9A554FD,LIQ_1BD1B94C09,semiconductor,train,3,7,125.9,125.97952,119.96293410687493,126.27984926961157,101.18704605102539,118.11446228027344,114.00743045806885,117.22372789382935,23,10.0,yes
PA_CA0223,CA0223,SRC021,SRC021,SFC_9E60C86BF546,LIQ_0F4168490E,semiconductor,train,3,7,157.5,148.33514,142.31855544476554,140.1492321338177,119.91079711914062,124.9569580078125,128.76170349121094,131.74676876068116,65,10.0,yes
PA_CA0224,CA0224,SRC021,SRC021,SFC_9E60C86BF546,LIQ_53310FAFB3,semiconductor,train,3,7,147.7,141.60321,135.58662185101554,151.68979378412809,116.3876724243164,118.85652313232421,124.23536281585693,128.8384225845337,48,10.0,yes
PA_CA0225,CA0225,SRC021,SRC021,SFC_9E60C86BF546,LIQ_6656B41AB7,semiconductor,train,3,7,139.4,137.52441,131.5078254642968,119.04314060446494,97.95016098022461,96.41654663085937,105.28505935668946,100.09695739746094,64,10.0,yes
PA_CA0226,CA0226,SRC021,SRC021,SFC_9E60C86BF546,LIQ_1BD1B94C09,semiconductor,train,3,7,135.9,146.91069,140.89410170941397,147.21101687215065,105.86326217651367,111.7564468383789,127.80662612915039,132.40762023925782,23,10.0,yes
PA_CA0227,CA0227,SRC021,SRC021,SFC_669705F5791A,LIQ_0F4168490E,semiconductor,train,3,7,148.2,135.36476,129.34817275433585,127.17884944338802,122.89137649536133,126.20077056884766,123.64800548553467,125.20982007980346,65,10.0,yes
PA_CA0228,CA0228,SRC021,SRC021,SFC_669705F5791A,LIQ_53310FAFB3,semiconductor,train,3,7,129.3,120.45906,114.44247207074211,130.54564400385465,114.45749092102051,133.38052978515626,110.7800479888916,113.04529056549072,48,10.0,yes
PA_CA0229,CA0229,SRC021,SRC021,SFC_669705F5791A,LIQ_6656B41AB7,semiconductor,train,3,7,107.1,119.01074,112.9941535892968,100.52946872946494,94.31499671936035,110.67873992919922,92.00526351928711,86.68351554870605,64,10.0,yes
PA_CA0230,CA0230,SRC021,SRC021,SFC_669705F5791A,LIQ_1BD1B94C09,semiconductor,train,3,7,119.5,125.07245,119.05586013226555,125.3727752950022,109.56649780273438,130.08094482421876,113.89073390960694,116.50204420089722,23,10.0,yes
PA_CA0231,CA0231,SRC021,SRC021,SFC_DDF6B0728CC9,LIQ_0F4168490E,semiconductor,train,3,7,147.4,137.57509,131.55849990277335,129.3891765918255,107.63809585571289,115.95252380371093,122.28490009307862,122.52173938751221,65,10.0,yes
PA_CA0232,CA0232,SRC021,SRC021,SFC_DDF6B0728CC9,LIQ_53310FAFB3,semiconductor,train,3,7,122.9,125.33244,119.31585463910149,135.41902657221402,110.8522777557373,118.80546264648437,115.50401859283447,117.91319389343262,48,10.0,yes
PA_CA0233,CA0233,SRC021,SRC021,SFC_DDF6B0728CC9,LIQ_6656B41AB7,semiconductor,train,3,7,115.4,118.894325,112.87773665814446,100.4130517983126,90.42562484741211,96.36548461914063,91.22563133239746,86.29646148681641,64,10.0,yes
PA_CA0234,CA0234,SRC021,SRC021,SFC_DDF6B0728CC9,LIQ_1BD1B94C09,semiconductor,train,3,7,124.1,126.797,120.7804084721093,127.09732363484595,103.59294128417969,118.06340179443359,114.82490482330323,118.02885160446166,23,10.0,yes
PA_CA0303,CA0303,SRC001,SRC001,SFC_B8DDD579CB88,LIQ_06B74E7F53,carbon_material,train,4,0,2.7,23.505539,17.224301142068136,17.224301142068136,18.638131141662598,40.989434814453126,23.897507882118227,25.096085035800932,0,1000.0,yes
PA_CA0304,CA0304,SRC001,SRC001,SFC_B8DDD579CB88,LIQ_53310FAFB3,carbon_material,train,4,0,66.7,51.207684,44.92644576487087,55.431513803165195,48.591357946395874,50.76295776367188,53.3083437204361,53.28907090425491,50,1000.0,yes
PA_CA0305,CA0305,SRC001,SRC001,SFC_B8DDD579CB88,LIQ_6656B41AB7,carbon_material,train,4,0,35.3,33.69637,27.415131372781026,14.714067297542279,28.194239616394043,41.7177848815918,34.67063114643097,36.36802611351013,66,1000.0,yes
PA_CA0306,CA0306,SRC001,SRC001,SFC_B8DDD579CB88,LIQ_1BD1B94C09,carbon_material,train,4,0,56.7,61.541054,55.259815973611104,63.68867493877335,57.363972663879395,59.403376770019534,62.60073472857475,62.87212164402008,25,1000.0,yes
PA_CA0307,CA0307,SRC001,SRC001,SFC_B8DDD579CB88,LIQ_0F4168490E,carbon_material,train,4,0,89.8,96.55966,90.27842406687283,91.95834899449316,94.91434526443481,117.41816101074218,107.72713298797608,106.87543659210205,67,1000.0,yes
PA_CA0308,CA0308,SRC001,SRC001,SFC_F862748296EB,LIQ_06B74E7F53,carbon_material,train,4,0,12.1,0.0,0.0,0.0,0.0,33.35497360229492,14.71019401550293,11.970425987243653,0,1000.0,yes
PA_CA0309,CA0309,SRC001,SRC001,SFC_F862748296EB,LIQ_53310FAFB3,carbon_material,train,4,0,52.3,18.255545,11.974306864114034,22.47937490240836,15.708477973937988,38.95037002563477,48.29376106262207,47.63191184997559,50,1000.0,yes
PA_CA0310,CA0310,SRC001,SRC001,SFC_F862748296EB,LIQ_6656B41AB7,carbon_material,train,4,0,20.5,36.83469,30.55345229563259,17.85238822039384,30.035696983337402,31.046784591674804,38.43868523836136,35.27926462590695,66,1000.0,yes
PA_CA0311,CA0311,SRC001,SRC001,SFC_F862748296EB,LIQ_1BD1B94C09,carbon_material,train,4,0,36.4,43.398808,37.117569727273214,45.54642869243546,38.989500999450684,48.40494842529297,53.382460021972655,54.12675724029541,25,1000.0,yes
PA_CA0312,CA0312,SRC001,SRC001,SFC_F862748296EB,LIQ_0F4168490E,carbon_material,train,4,0,70.1,81.8391,75.55786590036892,77.23779082798926,80.27730226516724,66.35786437988281,78.78328285217285,77.37134213447571,67,1000.0,yes
PA_CA0313,CA0313,SRC001,SRC001,SFC_2202AAAAD87C,LIQ_06B74E7F53,carbon_material,train,4,0,13.0,4.573745,0.0,0.0,0.0,30.23779754638672,22.30404624938965,17.753365325927735,0,1000.0,yes
PA_CA0314,CA0314,SRC001,SRC001,SFC_2202AAAAD87C,LIQ_53310FAFB3,carbon_material,train,4,0,44.3,0.0,0.0,4.2238302399327745,0.0,38.03570404052734,36.519595336914065,32.95606994628906,50,1000.0,yes
PA_CA0315,CA0315,SRC001,SRC001,SFC_2202AAAAD87C,LIQ_6656B41AB7,carbon_material,train,4,0,24.3,36.0505,29.769261164040792,17.068197088802044,28.852437019348145,30.45944709777832,38.997496670484544,35.03136866986752,66,1000.0,yes
PA_CA0316,CA0316,SRC001,SRC001,SFC_2202AAAAD87C,LIQ_1BD1B94C09,carbon_material,train,4,0,25.9,37.1339,30.85266189035915,39.2815208555214,32.460503578186035,46.34522552490235,56.24608879089355,55.198837471008304,25,1000.0,yes
PA_CA0317,CA0317,SRC001,SRC001,SFC_2202AAAAD87C,LIQ_0F4168490E,carbon_material,train,4,0,64.4,74.517555,68.23631743845486,69.9162423660752,72.71888208389282,60.18455123901367,72.89234456419945,71.88935706615447,67,1000.0,yes
PA_CA0318,CA0318,SRC001,SRC001,SFC_BC3ADCE03F16,LIQ_06B74E7F53,oxide,train,4,0,7.8,20.793243,14.512005609841573,14.512005609841573,15.794319152832031,41.695831298828125,28.674923133850097,31.410119915008544,0,1000.0,yes
PA_CA0319,CA0319,SRC001,SRC001,SFC_BC3ADCE03F16,LIQ_53310FAFB3,oxide,train,4,0,59.6,47.32369,41.042450708718526,51.54751874701285,44.51279830932617,49.19357528686523,53.936011695861815,52.92460880279541,50,1000.0,yes
PA_CA0320,CA0320,SRC001,SRC001,SFC_BC3ADCE03F16,LIQ_6656B41AB7,oxide,train,4,0,30.0,37.036583,30.755345148415792,18.054281073177044,31.028271198272705,38.566105651855466,34.262199664115904,35.21696628928184,66,1000.0,yes
PA_CA0321,CA0321,SRC001,SRC001,SFC_BC3ADCE03F16,LIQ_1BD1B94C09,oxide,train,4,0,58.8,55.920345,49.63910750803493,58.06796647319718,51.697181701660156,54.10834503173828,52.58492248058319,53.60452618598938,25,1000.0,yes
PA_CA0322,CA0322,SRC001,SRC001,SFC_BC3ADCE03F16,LIQ_0F4168490E,oxide,train,4,0,84.6,94.79491,88.51366881784939,90.19359374546973,93.13289976119995,111.03241271972657,106.85147590637207,105.50478973388672,67,1000.0,yes
PA_CA0323,CA0323,SRC001,SRC001,SFC_4E9D8F5E0021,LIQ_06B74E7F53,oxide,train,4,0,4.4,0.0,0.0,0.0,0.0,21.62320785522461,17.712853813171385,13.101542472839355,0,1000.0,yes
PA_CA0324,CA0324,SRC001,SRC001,SFC_4E9D8F5E0021,LIQ_53310FAFB3,oxide,train,4,0,15.6,0.0,0.0,4.2238302399327745,0.0,27.708908081054688,35.00305404663086,32.611181640625,50,1000.0,yes
PA_CA0325,CA0325,SRC001,SRC001,SFC_4E9D8F5E0021,LIQ_6656B41AB7,oxide,train,4,0,8.4,31.867891,25.586653513283956,12.885589438045209,24.254392623901367,13.898494529724122,0.0,0.0,66,1000.0,yes
PA_CA0326,CA0326,SRC001,SRC001,SFC_4E9D8F5E0021,LIQ_1BD1B94C09,oxide,train,4,0,14.9,21.886732,15.605494303078878,24.034353268241127,17.250831604003906,32.73654441833496,52.24625473022461,51.948456573486325,25,1000.0,yes
PA_CA0327,CA0327,SRC001,SRC001,SFC_4E9D8F5E0021,LIQ_0F4168490E,oxide,train,4,0,58.3,65.02366,58.742420954079854,60.4223458817002,62.95485734939575,37.64821090698242,61.77810084819794,61.847279167175294,67,1000.0,yes
PA_CA0328,CA0328,SRC001,SRC001,SFC_AA2B954681B3,LIQ_06B74E7F53,oxide,train,4,0,4.7,0.0,0.0,0.0,0.0,21.70726547241211,17.66126956939697,13.121557426452636,0,1000.0,yes
PA_CA0329,CA0329,SRC001,SRC001,SFC_AA2B954681B3,LIQ_53310FAFB3,oxide,train,4,0,12.5,0.0,0.0,4.2238302399327745,0.0,27.708908081054688,35.00305404663086,32.611181640625,50,1000.0,yes
PA_CA0330,CA0330,SRC001,SRC001,SFC_AA2B954681B3,LIQ_6656B41AB7,oxide,train,4,0,8.1,30.623714,24.342476648659932,11.641412573421185,23.128409385681152,20.542766571044922,36.38218936920166,31.583060479164125,66,1000.0,yes
PA_CA0331,CA0331,SRC001,SRC001,SFC_AA2B954681B3,LIQ_1BD1B94C09,oxide,train,4,0,10.9,22.288637,16.00739936289333,24.43625832805558,17.69801378250122,32.873203659057616,47.08683776855469,47.22549324035644,25,1000.0,yes
PA_CA0332,CA0332,SRC001,SRC001,SFC_AA2B954681B3,LIQ_0F4168490E,oxide,train,4,0,59.1,63.939415,57.65817717966579,59.33810210728614,61.817487716674805,37.43653945922851,60.693857073783875,60.76303539276123,67,1000.0,yes
PA_CA0333,CA0333,SRC014,SRC014,SFC_2D953D8FEA9A,LIQ_0F4168490E,polymer,train,2,3,72.8,83.50419,76.866780668637,77.57877611683048,77.3127794265747,70.08235931396484,71.081494140625,71.39087524414063,64,10000.0,yes
PA_CA0334,CA0334,SRC014,SRC014,SFC_2D953D8FEA9A,LIQ_6656B41AB7,polymer,train,2,3,43.6,67.11301,60.475598722836224,45.38069100985784,59.68422317504883,33.379364776611325,21.834040832519534,22.88101806640625,63,10000.0,yes
PA_CA0335,CA0335,SRC014,SRC014,SFC_2D953D8FEA9A,LIQ_1BD1B94C09,polymer,train,2,3,55.1,44.600365,37.96295681609794,46.154088812871635,37.85429859161377,48.09873275756836,51.21633052825928,51.36386480331421,22,10000.0,yes
PA_CA0336,CA0336,SRC014,SRC014,SFC_AD3F4CCED3FF,LIQ_0F4168490E,polymer,train,2,3,105.4,94.20904,87.57162991180107,88.28362535999455,87.81767463684082,81.76640014648437,81.96586742401124,81.9775951385498,64,10000.0,yes
PA_CA0337,CA0337,SRC014,SRC014,SFC_AD3F4CCED3FF,LIQ_6656B41AB7,polymer,train,2,3,73.3,51.80238,45.164971739193646,30.070064026215267,44.81869125366211,51.58470916748047,47.0241457939148,49.75798766613006,63,10000.0,yes
PA_CA0338,CA0338,SRC014,SRC014,SFC_AD3F4CCED3FF,LIQ_1BD1B94C09,polymer,train,2,3,75.7,84.273415,77.63600674285576,85.82713873962945,77.37655401229858,72.01027984619141,76.43283624649048,79.43497142791747,22,10000.0,yes
PA_CA0339,CA0339,SRC014,SRC014,SFC_7311940ACDF8,LIQ_0F4168490E,polymer,train,2,3,96.4,89.881966,83.24455776824638,83.95655321643986,83.5504961013794,74.5477508544922,77.88364791870117,77.4856595993042,64,10000.0,yes
PA_CA0340,CA0340,SRC014,SRC014,SFC_7311940ACDF8,LIQ_6656B41AB7,polymer,train,2,3,64.2,49.931854,43.294446379086224,28.199538666107845,42.89103364944458,45.371742248535156,46.95961081981659,46.527972722053526,63,10000.0,yes
PA_CA0341,CA0341,SRC014,SRC014,SFC_7311940ACDF8,LIQ_1BD1B94C09,polymer,train,2,3,68.5,73.76816,67.13075009002372,75.32188208679742,66.93496227264404,70.20281066894532,65.72898292541504,66.80704984664916,22,10000.0,yes
PA_CA0342,CA0342,SRC014,SRC014,SFC_7A3F6303565B,LIQ_0F4168490E,polymer,train,2,3,92.3,91.519325,84.881917387387,85.59391283558048,85.28066778182983,80.19349822998046,79.90351123809815,79.23226490020753,64,10000.0,yes
PA_CA0343,CA0343,SRC014,SRC014,SFC_7A3F6303565B,LIQ_6656B41AB7,polymer,train,2,3,52.9,51.081566,44.44415798797294,29.349250274994564,44.01508331298828,45.35354385375977,46.57850456237793,44.9595009803772,63,10000.0,yes
PA_CA0344,CA0344,SRC014,SRC014,SFC_7A3F6303565B,LIQ_1BD1B94C09,polymer,train,2,3,65.5,66.155205,59.51779690398857,67.70892890076226,59.40996551513672,65.11921997070313,58.57947616577148,59.63744440078735,22,10000.0,yes
PA_CA0345,CA0345,SRC014,SRC014,SFC_54D3CCF77E3A,LIQ_0F4168490E,polymer,train,2,3,102.9,92.81514,86.17773190154716,86.88972734974064,86.34447240829468,82.02604370117187,81.40179214477538,80.7827091217041,64,10000.0,yes
PA_CA0346,CA0346,SRC014,SRC014,SFC_54D3CCF77E3A,LIQ_6656B41AB7,polymer,train,2,3,81.9,62.570393,55.93298473968193,40.838077026703544,55.42411518096924,50.605298614501955,50.700286102294925,51.58597068786621,63,10000.0,yes
PA_CA0347,CA0347,SRC014,SRC014,SFC_54D3CCF77E3A,LIQ_1BD1B94C09,polymer,train,2,3,78.2,85.92357,79.28616085662529,87.47729285339898,78.95282030105591,70.77852783203124,76.4688066482544,79.3477391242981,22,10000.0,yes
PA_CA0348,CA0348,SRC014,SRC014,SFC_66EE1063F64A,LIQ_0F4168490E,polymer,train,2,3,97.4,88.63483,81.9974187911956,82.70941423938908,82.28720712661743,73.20349578857422,76.55642242431641,76.25203800201416,64,10000.0,yes
PA_CA0349,CA0349,SRC014,SRC014,SFC_66EE1063F64A,LIQ_6656B41AB7,polymer,train,2,3,65.5,45.977455,39.340047270199506,24.245139557221126,38.975496768951416,46.74381332397461,45.78537843823433,47.234443640708925,63,10000.0,yes
PA_CA0350,CA0350,SRC014,SRC014,SFC_66EE1063F64A,LIQ_1BD1B94C09,polymer,train,2,3,68.0,75.06745,68.43004360809013,76.62117560486382,68.22506952285767,70.17310028076172,67.21722831726075,68.30651226043702,22,10000.0,yes
PA_CA0351,CA0351,SRC014,SRC014,SFC_7D389175DB70,LIQ_0F4168490E,polymer,train,2,3,90.3,93.10309,86.4656805099456,87.17767595813908,86.74242734909058,83.56067352294922,80.872798538208,80.80654697418213,64,10000.0,yes
PA_CA0352,CA0352,SRC014,SRC014,SFC_7D389175DB70,LIQ_6656B41AB7,polymer,train,2,3,69.1,74.517044,67.87963619842216,52.78472848544378,67.17633962631226,51.99009323120117,57.237688827514646,56.827583122253415,63,10000.0,yes
PA_CA0353,CA0353,SRC014,SRC014,SFC_7D389175DB70,LIQ_1BD1B94C09,polymer,train,2,3,73.1,70.8427,64.20528927459404,72.39642127136773,63.94244861602783,63.28272476196289,62.35489091873169,64.35023431777954,22,10000.0,yes
PA_CA0354,CA0354,SRC014,SRC014,SFC_B1FAE164CF82,LIQ_0F4168490E,polymer,train,2,3,81.0,84.823746,78.18633785857841,78.89833330677189,78.67475366592407,72.02905578613282,72.83277244567871,72.97287769317627,64,10000.0,yes
PA_CA0355,CA0355,SRC014,SRC014,SFC_B1FAE164CF82,LIQ_6656B41AB7,polymer,train,2,3,37.8,48.043312,41.405904203793256,26.310996490814876,40.94057512283325,39.97026672363281,43.50515174865723,42.1959135055542,63,10000.0,yes
PA_CA0356,CA0356,SRC014,SRC014,SFC_B1FAE164CF82,LIQ_1BD1B94C09,polymer,train,2,3,54.4,50.739212,44.10180416717216,52.29293616394585,44.08429527282715,50.52226867675781,56.03010368347168,56.60328168869019,22,10000.0,yes
PA_CA0357,CA0357,SRC014,SRC014,SFC_F13264E1CC9A,LIQ_0F4168490E,polymer,train,2,3,75.2,69.80492,63.16750851287529,63.87950396106877,63.36750078201294,42.39440841674805,25.32799377441406,28.027315521240233,64,10000.0,yes
PA_CA0358,CA0358,SRC014,SRC014,SFC_F13264E1CC9A,LIQ_6656B41AB7,polymer,train,2,3,61.1,49.59956,42.962151914974896,27.867244201996517,42.42805480957031,37.24702758789063,44.81338720321655,43.119700241088864,63,10000.0,yes
PA_CA0359,CA0359,SRC014,SRC014,SFC_F13264E1CC9A,LIQ_1BD1B94C09,polymer,train,2,3,49.5,54.502163,47.86475506438896,56.05588706116265,47.586835861206055,47.596961212158206,48.9595666885376,50.0446373462677,22,10000.0,yes
PA_CA0360,CA0360,SRC020,SRC020,SFC_9D7026B7F20A,LIQ_0F4168490E,oxide,validation,2,6,89.2,97.689156,94.30561319435084,96.59572973666053,94.82895731925964,105.25338592529297,102.83397731781005,104.24296894073487,65,10000.0,yes
PA_CA0361,CA0361,SRC020,SRC020,SFC_9D7026B7F20A,LIQ_1BD1B94C09,oxide,validation,2,6,68.8,61.65194,58.2683970078274,59.70243342618936,58.32327365875244,60.95764694213867,56.52238869667053,56.39519295692444,23,10000.0,yes
PA_CA0362,CA0362,SRC020,SRC020,SFC_9D7026B7F20A,LIQ_6656B41AB7,oxide,validation,2,6,47.7,66.31629,62.93274942481959,52.086673174103424,62.46991968154907,53.00799331665039,55.917124557495114,54.24677276611328,64,10000.0,yes
PA_CA0363,CA0363,SRC020,SRC020,SFC_3BF005A262A4,LIQ_0F4168490E,oxide,validation,2,6,70.2,86.915596,83.53205362403834,85.82217016634803,84.19930362701416,83.43669128417969,86.8087831825018,86.53065122365952,65,10000.0,yes
PA_CA0364,CA0364,SRC020,SRC020,SFC_3BF005A262A4,LIQ_1BD1B94C09,oxide,validation,2,6,51.2,32.339397,28.955855046157485,30.389891464519437,29.114916801452637,48.87494049072266,41.653268814086914,41.877713680267334,23,10000.0,yes
PA_CA0365,CA0365,SRC020,SRC020,SFC_3BF005A262A4,LIQ_6656B41AB7,oxide,validation,2,6,15.5,63.86885,60.48530832374537,49.639232073029206,59.77804613113403,44.92960968017578,47.834847640991214,45.22121162414551,64,10000.0,yes
PA_CA0366,CA0366,SRC020,SRC020,SFC_5EBD6486C99B,LIQ_0F4168490E,oxide,validation,2,6,56.0,76.454926,73.07138315284693,75.36149969515662,73.71172285079956,76.75169982910157,75.72092941105366,75.09791558086872,65,10000.0,yes
PA_CA0367,CA0367,SRC020,SRC020,SFC_5EBD6486C99B,LIQ_1BD1B94C09,oxide,validation,2,6,39.4,0.0,0.0,0.0,0.0,39.98073806762695,4.154874014854431,10.073188877105713,23,10000.0,yes
PA_CA0368,CA0368,SRC020,SRC020,SFC_5EBD6486C99B,LIQ_6656B41AB7,oxide,validation,2,6,10.7,67.30257,63.91902414405787,53.072947893341706,62.86248970031738,43.50739288330078,40.096722793579104,39.039139938354495,64,10000.0,yes
PA_CA0369,CA0369,SRC020,SRC020,SFC_8C9D5E267A39,LIQ_0F4168490E,oxide,validation,2,6,61.5,82.196075,78.81253305519068,81.10264959750037,79.47782778739929,77.32527008056641,80.72489204406739,79.85582567453385,65,10000.0,yes
PA_CA0370,CA0370,SRC020,SRC020,SFC_8C9D5E267A39,LIQ_1BD1B94C09,oxide,validation,2,6,45.9,16.774866,13.39132371986354,14.825360138225493,13.496849775314331,45.28434524536133,36.81706314086914,39.452537536621094,23,10000.0,yes
PA_CA0371,CA0371,SRC020,SRC020,SFC_8C9D5E267A39,LIQ_6656B41AB7,oxide,validation,2,6,11.7,69.36742,65.9838739975735,55.13779774685733,65.00716352462769,45.14858169555664,42.03864364624023,39.63394355773926,64,10000.0,yes
PA_CA0372,CA0372,SRC020,SRC020,SFC_9EBDC478F1D0,LIQ_0F4168490E,oxide,validation,2,6,0.1,56.84688,53.46333948219264,55.75345602450232,53.890981674194336,58.44251556396485,51.49932594299317,50.990690326690675,65,10000.0,yes
PA_CA0373,CA0373,SRC020,SRC020,SFC_9EBDC478F1D0,LIQ_1BD1B94C09,oxide,validation,2,6,0.1,0.0,0.0,0.0,0.0,38.482017517089844,0.0,2.7875932693481444,23,10000.0,yes
PA_CA0374,CA0374,SRC020,SRC020,SFC_9EBDC478F1D0,LIQ_6656B41AB7,oxide,validation,2,6,17.6,83.04147,79.65793100440943,68.81185475369327,77.3738374710083,43.314903259277344,42.348768615722655,39.963375091552734,64,10000.0,yes
PA_CA0375,CA0375,SRC020,SRC020,SFC_500FB1C18BA7,LIQ_0F4168490E,oxide,validation,2,6,0.1,55.594173,52.210631047134044,54.500747589443726,52.58883714675903,58.032439422607425,51.38432631492615,49.69887638092041,65,10000.0,yes
PA_CA0376,CA0376,SRC020,SRC020,SFC_500FB1C18BA7,LIQ_1BD1B94C09,oxide,validation,2,6,0.1,0.0,0.0,0.0,0.0,38.35077133178711,0.0,2.5420723021030427,23,10000.0,yes
PA_CA0377,CA0377,SRC020,SRC020,SFC_500FB1C18BA7,LIQ_6656B41AB7,oxide,validation,2,6,23.1,83.04147,79.65793100440943,68.81185475369327,77.37223768234253,45.69630584716797,44.51530380249024,44.67796249389649,64,10000.0,yes
PA_CA0378,CA0378,SRC020,SRC020,SFC_463017990582,LIQ_0F4168490E,oxide,validation,2,6,0.1,56.496223,53.11268106544459,55.40279760775427,53.52541446685791,58.94641189575195,52.348225593566895,50.57369899749756,65,10000.0,yes
PA_CA0379,CA0379,SRC020,SRC020,SFC_463017990582,LIQ_1BD1B94C09,oxide,validation,2,6,0.1,0.0,0.0,0.0,0.0,38.89948425292969,0.0,2.648610693216324,23,10000.0,yes
PA_CA0380,CA0380,SRC020,SRC020,SFC_463017990582,LIQ_6656B41AB7,oxide,validation,2,6,19.3,83.04147,79.65793100440943,68.81185475369327,77.37223768234253,45.69630584716797,44.51530380249024,44.67796249389649,64,10000.0,yes
PA_CA0381,CA0381,SRC020,SRC020,SFC_EA6FE64D72B2,LIQ_0F4168490E,oxide,validation,2,6,0.1,55.747505,52.36396280372584,54.65407934603552,52.748066425323486,58.032439422607425,51.537658071517946,49.85220813751221,65,10000.0,yes
PA_CA0382,CA0382,SRC020,SRC020,SFC_EA6FE64D72B2,LIQ_1BD1B94C09,oxide,validation,2,6,0.1,0.0,0.0,0.0,0.0,38.35077133178711,0.0,2.5420723021030427,23,10000.0,yes
PA_CA0383,CA0383,SRC020,SRC020,SFC_EA6FE64D72B2,LIQ_6656B41AB7,oxide,validation,2,6,22.5,83.04147,79.65793100440943,68.81185475369327,77.37223768234253,45.69630584716797,44.51530380249024,44.67796249389649,64,10000.0,yes
PA_CA0384,CA0384,SRC004,SRC004,SFC_1959CDFDAA85,LIQ_0F4168490E,oxide,train,2,2,106.0,107.754684,101.04391391246747,101.7178500611388,102.02024602890015,117.81398162841796,114.86409349441529,115.14526643753052,58,1000.0,yes
PA_CA0385,CA0385,SRC004,SRC004,SFC_1959CDFDAA85,LIQ_53310FAFB3,oxide,train,2,2,79.0,77.412094,70.70132358043622,84.98211399106145,70.53190565109253,55.151641082763675,62.87781753540039,63.82652034759521,41,1000.0,yes
PA_CA0386,CA0386,SRC004,SRC004,SFC_1959CDFDAA85,LIQ_6656B41AB7,oxide,train,2,2,63.0,67.54671,60.83593661754559,45.484304726099154,57.317790031433105,44.39551773071289,49.46732711791992,48.407208633422854,57,1000.0,yes
PA_CA0387,CA0387,SRC004,SRC004,SFC_309E17907FBA,LIQ_0F4168490E,oxide,train,2,2,104.0,105.17148,98.46070773570966,99.13464388438099,99.4573564529419,104.41900634765625,111.03678035736084,110.36472826004028,58,1000.0,yes
PA_CA0388,CA0388,SRC004,SRC004,SFC_309E17907FBA,LIQ_53310FAFB3,oxide,train,2,2,77.0,75.92049,69.2097159144206,83.49050632504583,69.0218768119812,55.354067993164065,61.62546310424805,62.7926887512207,41,1000.0,yes
PA_CA0389,CA0389,SRC004,SRC004,SFC_309E17907FBA,LIQ_6656B41AB7,oxide,train,2,2,64.0,67.06321,60.352438997916686,45.00080710647025,56.84120559692383,44.09951248168945,48.803768157958984,48.21653175354004,57,1000.0,yes
PA_CA0390,CA0390,SRC004,SRC004,SFC_3658FB055001,LIQ_0F4168490E,oxide,train,2,2,105.0,107.37295,100.66217715709638,101.33611330576771,101.60775852203369,114.30233764648438,113.3059211730957,112.71936769485474,58,1000.0,yes
PA_CA0391,CA0391,SRC004,SRC004,SFC_3658FB055001,LIQ_53310FAFB3,oxide,train,2,2,79.0,76.84264,70.13187320201826,84.41266361264348,69.92757654190063,55.354067993164065,62.547620391845705,63.57496185302735,41,1000.0,yes
PA_CA0392,CA0392,SRC004,SRC004,SFC_3658FB055001,LIQ_6656B41AB7,oxide,train,2,2,64.0,70.08814,63.37737185924481,48.02573996779837,59.648799896240234,48.391178894042966,52.606228256225585,52.10902061462402,57,1000.0,yes
PA_CA0393,CA0393,SRC004,SRC004,SFC_AE86A39F2CBE,LIQ_0F4168490E,oxide,train,2,2,107.0,104.46143,97.75066287486982,98.42459902354115,98.80535221099854,104.41737823486328,110.37150373458863,109.83689975738525,58,1000.0,yes
PA_CA0394,CA0394,SRC004,SRC004,SFC_AE86A39F2CBE,LIQ_53310FAFB3,oxide,train,2,2,76.0,78.319984,71.60921390026044,85.89000431088567,71.41799640655518,55.16305999755859,63.75155506134033,64.49811000823975,41,1000.0,yes
PA_CA0395,CA0395,SRC004,SRC004,SFC_AE86A39F2CBE,LIQ_6656B41AB7,oxide,train,2,2,63.0,56.569122,49.858351778678404,34.50671988723197,47.58958625793457,43.18210296630859,43.45691394805908,48.34816827774048,57,1000.0,yes
PA_CA0396,CA0396,SRC004,SRC004,SFC_1A55A8F9BE53,LIQ_0F4168490E,oxide,train,2,2,111.0,104.83427,98.12349612682294,98.79743227549427,99.21389770507812,104.68895721435547,110.6903890132904,110.39725246429444,58,1000.0,yes
PA_CA0397,CA0397,SRC004,SRC004,SFC_1A55A8F9BE53,LIQ_53310FAFB3,oxide,train,2,2,76.0,80.83783,74.12705905406904,88.40784946469427,74.27910089492798,54.772657775878905,65.09430179595947,68.29342212677003,41,1000.0,yes
PA_CA0398,CA0398,SRC004,SRC004,SFC_1A55A8F9BE53,LIQ_6656B41AB7,oxide,train,2,2,62.0,60.726795,54.01602466075848,38.664392769312045,51.42751979827881,43.52928085327149,46.77359886169434,52.066558837890625,57,1000.0,yes
PA_CA0399,CA0399,SRC004,SRC004,SFC_E53F0A6F08A0,LIQ_0F4168490E,oxide,train,2,2,112.0,110.66827,103.957495760612,104.63143190928334,105.18521881103516,119.08840484619141,118.04543838500976,118.33413553237915,58,1000.0,yes
PA_CA0400,CA0400,SRC004,SRC004,SFC_E53F0A6F08A0,LIQ_53310FAFB3,oxide,train,2,2,83.0,82.84902,76.13825137584638,90.41904178647161,76.12195444107056,54.25191650390625,65.57006912231445,67.5365644454956,41,1000.0,yes
PA_CA0401,CA0401,SRC004,SRC004,SFC_E53F0A6F08A0,LIQ_6656B41AB7,oxide,train,2,2,65.0,67.16846,60.45768649547528,45.10605460402884,57.43503379821777,43.61119155883789,49.17803382873535,48.98729476928711,57,1000.0,yes
PA_CA0402,CA0402,SRC004,SRC004,SFC_2A9E0C34389A,LIQ_0F4168490E,oxide,train,2,2,111.0,110.36277,103.65199954479169,104.32593569346302,104.47160530090332,117.94298858642578,117.36089200973511,117.53483648300171,58,1000.0,yes
PA_CA0403,CA0403,SRC004,SRC004,SFC_2A9E0C34389A,LIQ_53310FAFB3,oxide,train,2,2,82.0,82.3562,75.64543063610029,89.92622104672552,75.67765998840332,54.169332885742186,64.97016143798828,66.17225666046143,41,1000.0,yes
PA_CA0404,CA0404,SRC004,SRC004,SFC_2A9E0C34389A,LIQ_6656B41AB7,oxide,train,2,2,65.0,65.441574,58.73080356090497,43.37917166945853,55.832040786743164,44.029972076416016,47.52986640930176,47.771070098876955,57,1000.0,yes
PA_CA0405,CA0405,SRC004,SRC004,SFC_4CE305FCECB9,LIQ_0F4168490E,oxide,train,2,2,108.0,111.45918,104.7484122034831,105.42234835215443,105.88537549972534,119.07739868164063,118.82206878662109,119.11325941085815,58,1000.0,yes
PA_CA0406,CA0406,SRC004,SRC004,SFC_4CE305FCECB9,LIQ_53310FAFB3,oxide,train,2,2,84.0,80.60604,73.89527041881513,88.17606082944036,73.4717960357666,55.070901489257814,65.80022201538085,66.56027393341064,41,1000.0,yes
PA_CA0407,CA0407,SRC004,SRC004,SFC_4CE305FCECB9,LIQ_6656B41AB7,oxide,train,2,2,67.0,76.418724,69.70795352428388,54.356321632837435,65.54591178894043,48.88725128173828,56.00030708312988,54.53805389404297,57,1000.0,yes
PA_CA0408,CA0408,SRC004,SRC004,SFC_B4F56FFE60FB,LIQ_0F4168490E,oxide,train,2,2,109.0,110.168236,103.45746524303388,104.13140139170521,104.74612665176392,119.1424789428711,117.54540786743163,117.83410501480103,58,1000.0,yes
PA_CA0409,CA0409,SRC004,SRC004,SFC_B4F56FFE60FB,LIQ_53310FAFB3,oxide,train,2,2,82.0,80.45426,73.74349124401044,88.02428165463567,73.45196914672852,55.217261505126956,65.10579891204834,66.42345275878907,41,1000.0,yes
PA_CA0410,CA0410,SRC004,SRC004,SFC_B4F56FFE60FB,LIQ_6656B41AB7,oxide,train,2,2,64.0,68.43541,61.72463901012372,46.37300711867728,58.16982841491699,44.184861755371095,50.19967193603516,49.18628578186035,57,1000.0,yes
PA_CA0411,CA0411,SRC004,SRC004,SFC_572551235161,LIQ_0F4168490E,oxide,train,2,2,107.0,109.891045,103.1802740809245,103.85421022959584,104.49893045425415,119.16102142333985,117.38287286758423,117.7754295349121,58,1000.0,yes
PA_CA0412,CA0412,SRC004,SRC004,SFC_572551235161,LIQ_53310FAFB3,oxide,train,2,2,82.0,78.319984,71.60921390026044,85.89000431088567,71.41799640655518,55.16305999755859,63.75155506134033,64.49811000823975,41,1000.0,yes
PA_CA0413,CA0413,SRC004,SRC004,SFC_572551235161,LIQ_6656B41AB7,oxide,train,2,2,63.0,73.38615,66.67537600963544,51.323744118189,62.72736835479736,48.3952392578125,55.41752395629883,54.44115791320801,57,1000.0,yes
PA_CA0414,CA0414,SRC004,SRC004,SFC_7E0BA3D04E9B,LIQ_0F4168490E,oxide,train,2,2,112.0,112.12825,105.4174795862956,106.09141573496693,106.46302556991577,123.70327606201172,120.17547025680543,120.66427659988403,58,1000.0,yes
PA_CA0415,CA0415,SRC004,SRC004,SFC_7E0BA3D04E9B,LIQ_53310FAFB3,oxide,train,2,2,87.0,83.878174,77.16740329235029,91.44819370297552,77.07116222381592,54.860198211669925,66.39680366516113,67.52915802001954,41,1000.0,yes
PA_CA0416,CA0416,SRC004,SRC004,SFC_7E0BA3D04E9B,LIQ_6656B41AB7,oxide,train,2,2,67.0,75.07998,68.36920840709638,53.017576515649935,64.35416603088379,48.795980834960936,54.76234321594238,53.14017601013184,57,1000.0,yes
PA_CA0417,CA0417,SRC004,SRC004,SFC_AE01D8CAA284,LIQ_0F4168490E,oxide,train,2,2,115.0,112.35248,105.64170749156904,106.31564364024037,106.65690517425537,122.0978775024414,120.04592437744141,120.27715873718262,58,1000.0,yes
PA_CA0418,CA0418,SRC004,SRC004,SFC_AE01D8CAA284,LIQ_53310FAFB3,oxide,train,2,2,88.0,85.32958,78.61881167858076,92.89960208920598,78.38162517547607,56.54745025634766,66.99821281433105,68.25905265808106,41,1000.0,yes
PA_CA0419,CA0419,SRC004,SRC004,SFC_AE01D8CAA284,LIQ_6656B41AB7,oxide,train,2,2,67.0,73.68835,66.97757632701826,51.62594443557181,63.50239944458008,47.88407821655274,55.944085693359376,55.82510223388672,57,1000.0,yes
PA_CA0420,CA0420,SRC004,SRC004,SFC_2E8A7F435ADF,LIQ_0F4168490E,oxide,train,2,2,98.0,102.77009,96.05931766002607,96.7332538086974,98.31351232528687,119.25019989013671,110.85389862060546,111.35664892196655,58,1000.0,yes
PA_CA0421,CA0421,SRC004,SRC004,SFC_2E8A7F435ADF,LIQ_53310FAFB3,oxide,train,2,2,69.0,63.92451,57.213740420035826,71.49453083066106,58.148558139801025,54.998155975341795,58.151872062683104,60.118511009216306,41,1000.0,yes
PA_CA0422,CA0422,SRC004,SRC004,SFC_2E8A7F435ADF,LIQ_6656B41AB7,oxide,train,2,2,45.0,60.56403,53.853259157828795,38.50162726638236,50.73008060455322,41.077771759033205,43.60524559020996,46.943731689453124,57,1000.0,yes
PA_CA0423,CA0423,SRC004,SRC004,SFC_9E9E03484254,LIQ_0F4168490E,oxide,train,2,2,109.0,108.873505,102.16273410289716,102.83667025156849,103.48656272888184,122.69959869384766,116.08280572891235,116.41917781829834,58,1000.0,yes
PA_CA0424,CA0424,SRC004,SRC004,SFC_9E9E03484254,LIQ_53310FAFB3,oxide,train,2,2,80.0,80.11245,73.40167911022138,87.68246952084661,73.54050540924072,67.35934448242188,65.0742576599121,67.07437114715576,41,1000.0,yes
PA_CA0425,CA0425,SRC004,SRC004,SFC_9E9E03484254,LIQ_6656B41AB7,oxide,train,2,2,63.0,62.669304,55.95853335826825,40.60690146682181,53.199371337890625,55.88542938232422,45.86123180389404,46.48326663970947,57,1000.0,yes
PA_CA0426,CA0426,SRC004,SRC004,SFC_977322D0A384,LIQ_0F4168490E,oxide,train,2,2,110.0,109.227295,102.51652438610029,103.19046053477162,103.75052118301392,122.74024505615235,116.32193975448608,116.55445318222046,58,1000.0,yes
PA_CA0427,CA0427,SRC004,SRC004,SFC_977322D0A384,LIQ_53310FAFB3,oxide,train,2,2,81.0,81.68157,74.9708014246745,89.25159183529973,74.98234462738037,66.95263977050782,65.19813079833985,65.81439437866212,41,1000.0,yes
PA_CA0428,CA0428,SRC004,SRC004,SFC_977322D0A384,LIQ_6656B41AB7,oxide,train,2,2,65.0,63.685947,56.97517688243817,41.62354499099173,54.582664489746094,55.64127731323242,47.01165714263916,47.97385158538818,57,1000.0,yes
PA_CA0429,CA0429,SRC016,SRC016,SFC_D23857573968,LIQ_0F4168490E,cellulose,train,2,4,95.1,87.41768,81.3072186614479,82.21659979531476,81.86364316940308,72.2368896484375,72.11654834747314,74.63945026397705,67,10000.0,yes
PA_CA0430,CA0430,SRC016,SRC016,SFC_D23857573968,LIQ_6656B41AB7,cellulose,train,2,4,31.4,0.0,0.0,0.0,0.0,55.668975067138675,18.09179229736328,10.691264533996582,66,10000.0,yes
PA_CA0431,CA0431,SRC016,SRC016,SFC_D23857573968,LIQ_53310FAFB3,cellulose,train,2,4,48.3,57.232563,51.12210284723892,63.59561570905741,51.39666175842285,61.14813232421875,57.173345270752904,57.24122743606567,50,10000.0,yes
PA_CA0432,CA0432,SRC016,SRC016,SFC_CDEB89D989AC,LIQ_0F4168490E,cellulose,train,2,4,88.7,89.72073,83.61027347101822,84.51965460488508,84.1151442527771,76.63194427490234,75.59880275726319,77.93485870361329,67,10000.0,yes
PA_CA0433,CA0433,SRC016,SRC016,SFC_CDEB89D989AC,LIQ_6656B41AB7,cellulose,train,2,4,41.7,45.345047,39.234586825510405,25.424257447360024,38.90449142456055,44.79053421020508,36.75140571594238,31.07743740081787,66,10000.0,yes
PA_CA0434,CA0434,SRC016,SRC016,SFC_CDEB89D989AC,LIQ_53310FAFB3,cellulose,train,2,4,54.0,52.823284,46.712823977610014,59.186336839428506,46.93071889877319,56.39074630737305,54.48782136440277,55.988235116004944,50,10000.0,yes
PA_CA0435,CA0435,SRC016,SRC016,SFC_6A9ED69E4397,LIQ_0F4168490E,cellulose,train,2,4,68.3,87.47041,81.3599530364479,82.26933417031476,81.88309621810913,71.32705078125,72.54352989196778,75.0755823135376,67,10000.0,yes
PA_CA0436,CA0436,SRC016,SRC016,SFC_6A9ED69E4397,LIQ_6656B41AB7,cellulose,train,2,4,37.9,90.66417,84.55370913996353,70.74337976181315,83.41513919830322,44.93690185546875,32.83790893554688,31.156069183349608,66,10000.0,yes
PA_CA0437,CA0437,SRC016,SRC016,SFC_6A9ED69E4397,LIQ_53310FAFB3,cellulose,train,2,4,50.2,19.688826,13.578365435739896,26.051878297558385,13.762073040008545,41.32112350463867,48.595353317260745,49.99251937866211,50,10000.0,yes
PA_CA0438,CA0438,SRC016,SRC016,SFC_5A7AACDD77C7,LIQ_0F4168490E,cellulose,train,2,4,98.1,95.66154,89.55107699885025,90.46045813271711,90.0837516784668,88.16751861572266,93.94941222667694,92.19148759841919,67,10000.0,yes
PA_CA0439,CA0439,SRC016,SRC016,SFC_5A7AACDD77C7,LIQ_6656B41AB7,cellulose,train,2,4,39.1,28.414389,22.303928485056304,8.493599106905922,22.18211030960083,53.02059097290039,38.440277671813966,33.91213407516479,66,10000.0,yes
PA_CA0440,CA0440,SRC016,SRC016,SFC_5A7AACDD77C7,LIQ_53310FAFB3,cellulose,train,2,4,59.8,62.36039,56.24992953791275,68.72344239973124,56.492817401885986,67.87377014160157,65.3005083322525,64.1490862607956,50,10000.0,yes
PA_CA0441,CA0441,SRC016,SRC016,SFC_66D5DCF7DD85,LIQ_0F4168490E,polymer,train,2,4,105.5,97.47379,91.36333285822525,92.27271399209211,91.71662187576294,73.58042907714844,91.43986787796021,92.15532932281494,67,10000.0,no
PA_CA0442,CA0442,SRC016,SRC016,SFC_66D5DCF7DD85,LIQ_6656B41AB7,polymer,train,2,4,68.9,51.072105,44.961645236154936,31.151315858004555,44.67582988739014,59.62606430053711,53.407970213890074,50.4844605922699,66,10000.0,no
PA_CA0443,CA0443,SRC016,SRC016,SFC_66D5DCF7DD85,LIQ_53310FAFB3,polymer,train,2,4,71.5,79.02813,72.91766940607681,85.3911822678953,72.96247816085815,75.23789520263672,75.21829946041107,75.56161704063416,50,10000.0,no
PA_CA0444,CA0444,SRC016,SRC016,SFC_FC48A7AD25F0,LIQ_0F4168490E,polymer,train,2,4,91.7,95.99309,89.88262759699478,90.79200873086164,90.43536806106567,87.03356475830078,94.79338983595372,92.82840819358826,67,10000.0,no
PA_CA0445,CA0445,SRC016,SRC016,SFC_FC48A7AD25F0,LIQ_6656B41AB7,polymer,train,2,4,35.1,50.627525,44.517065158029936,30.706735779879555,44.1674222946167,48.77619400024414,46.840448999404906,44.27077732086182,66,10000.0,no
PA_CA0446,CA0446,SRC016,SRC016,SFC_FC48A7AD25F0,LIQ_53310FAFB3,polymer,train,2,4,59.1,54.357075,48.24661456598892,60.72012742780741,48.52206230163574,61.85762481689453,54.58305325806141,54.80669664144516,50,10000.0,no
PA_CA0463,CA0463,SRC002,SRC002,SFC_5523B41BFD8F,LIQ_0F4168490E,polymer,validation,3,1,172.0,148.50874,142.8113426093833,143.28483549769678,142.62272834777832,128.8203109741211,147.10815453529358,147.57472392320634,72,10000.0,yes
PA_CA0464,CA0464,SRC002,SRC002,SFC_5523B41BFD8F,LIQ_5C0DC0DCD1,polymer,validation,3,1,167.0,138.15613,132.458727252938,132.458727252938,131.94353437423706,126.30062713623047,135.51007726192475,135.80428035259246,0,10000.0,yes
PA_CA0465,CA0465,SRC002,SRC002,SFC_5523B41BFD8F,LIQ_53310FAFB3,polymer,validation,3,1,163.0,136.99158,131.294176471688,142.71548554007026,130.87218856811523,120.3959732055664,134.1380270242691,134.16521096229553,55,10000.0,yes
PA_CA0466,CA0466,SRC002,SRC002,SFC_5523B41BFD8F,LIQ_B6950B5CB8,polymer,validation,3,1,70.0,161.2299,155.53250349805518,155.53250349805518,155.05488443374634,121.430078125,164.61528387069703,164.29982442855834,0,10000.0,yes
