source_group_id,model,n,mae_deg,rmse_deg,r2,medae_deg,p90ae_deg
SRC001,nnls_physics,30,12.501940290133158,15.417844391823845,0.6451288834910813,11.31126880645752,22.61813182830811
SRC002,nnls_physics,4,42.39336395263672,50.94885075488722,-0.4530004999965138,27.4261474609375,72.51409454345705
SRC004,nnls_physics,45,3.2208153618706596,4.477089845891526,0.9453390836286018,2.3729476928710938,6.585359191894532
SRC014,nnls_physics,27,8.810506043610749,10.751861717860562,0.6119931361246738,7.72357177734375,19.406783294677734
SRC016,nnls_physics,18,12.774076143900553,18.36454324910146,0.3676606736133382,7.8542633056640625,30.777822494506836
SRC019,nnls_physics,60,22.029430452982584,26.080673849983555,-1.4272480831910892,17.04251480102539,43.12645797729492
SRC020,nnls_physics,24,34.02064021428426,41.53412037870695,-1.3467473445446174,34.26256847381592,60.36147327423096
SRC021,nnls_physics,32,19.520734071731567,28.529053382440043,0.6569356600870982,11.140270233154297,57.417477607727065
SRC001,global_mean_residual,30,10.124662475557557,14.574489593971444,0.6828899211662673,6.090633673043477,18.87914810719945
SRC002,global_mean_residual,4,45.242064291011474,50.9071351666616,-0.4506221163597839,33.12354813768701,70.23513427275724
SRC004,global_mean_residual,45,6.362746900703828,7.106489173245628,0.8622804845737245,6.59832088977862,9.995876431770808
SRC014,global_mean_residual,27,10.79651765131241,13.687062747443111,0.371228882114947,8.894709199527057,22.93013705597238
SRC016,global_mean_residual,18,13.87044796381925,18.723130958596403,0.34272535458615405,10.135225296020508,32.96649033113106
SRC019,global_mean_residual,60,20.607242130322582,24.68188618133657,-1.173868357495881,18.981660842895508,40.135639612376686
SRC020,global_mean_residual,24,32.18788808947544,39.32224848482869,-1.1034538454387501,35.95433966594714,56.97793088996852
SRC021,global_mean_residual,32,20.20616245447085,28.464677603118364,0.6584821619296403,14.744844823789144,56.30661804653132
SRC001,liquid_mean_residual,30,9.681005403308978,12.724086873829227,0.7583000348318928,7.642140937683372,15.130464178897814
SRC002,liquid_mean_residual,4,42.26836380183754,49.358208225433955,-0.3636902990345905,31.628218624682617,70.23513427275724
SRC004,liquid_mean_residual,45,10.085685931981963,12.117559591979052,0.5995801331692785,7.41904178647161,20.93007515671335
SRC014,liquid_mean_residual,27,14.502761207873615,19.422885048286197,-0.26619194888155695,10.12714179138726,38.025044768950764
SRC016,liquid_mean_residual,18,15.285565875991475,18.91870611842041,0.32892232451745884,13.559234137901598,31.833013203751463
SRC019,liquid_mean_residual,60,17.30743071575646,20.488113395354695,-0.4978919570695355,15.14973102813158,34.65523547511003
SRC020,liquid_mean_residual,24,29.156646967711367,35.565968371452776,-0.7207808980356682,32.60693673034131,54.50807981756787
SRC021,liquid_mean_residual,32,23.06376093133737,31.15680300651406,0.5908273179176802,17.68079258542059,57.012540540401226
SRC001,ridge_residual,30,10.633539740244547,14.171536989367214,0.7001823153497526,8.156599760055542,16.15518188476563
SRC002,ridge_residual,4,45.40410828590393,50.88838154564216,-0.4495535271955522,33.59213852882385,70.05535879135132
SRC004,ridge_residual,45,6.603933260175917,7.362298596385518,0.852187166181096,6.459494590759277,10.554769706726074
SRC014,ridge_residual,27,10.806859775825783,13.754972802161792,0.3649739518670927,9.157549858093262,23.375732517242444
SRC016,ridge_residual,18,13.685564041137695,18.5134564844354,0.3573641508067318,9.822679996490479,32.91137804985047
SRC019,ridge_residual,60,20.186898215611777,23.422191212347272,-0.9576344307950633,18.20960307121277,39.03822147846222
SRC020,ridge_residual,24,31.831010550260544,38.72020441426478,-1.0395369761077164,35.90157663822174,54.692237567901614
SRC021,ridge_residual,32,42.15897172689438,54.98793614618326,-0.27448783181223857,32.48161029815674,111.7825773239137
SRC001,direct_xgboost,30,15.05978177547455,17.45250607229762,0.5452853650101288,14.279268646240233,26.550988616943364
SRC002,direct_xgboost,4,44.4782917022705,44.66844672394644,-0.11685985599218651,42.89185791015625,48.954961395263666
SRC004,direct_xgboost,45,16.532357279459635,18.298126005826784,0.08694168388153023,18.11274871826172,27.433176269531252
SRC014,direct_xgboost,27,12.716969920970778,15.915139317333995,0.14985509309790923,9.817273712158205,23.990384826660158
SRC016,direct_xgboost,18,10.801715321011013,13.474415817055613,0.6595841127342389,9.07640724182129,23.28486881256104
SRC019,direct_xgboost,60,9.2272926902771,11.513536455293494,0.5269641767308102,7.279573440551758,19.387499160766602
SRC020,direct_xgboost,24,27.619379631181562,33.01616853052109,-0.48289242257471976,26.05560474395752,57.93243942111731
SRC021,direct_xgboost,32,28.39273591041565,38.39154218361775,0.3787420345402046,23.55103988647461,74.86873592376715
SRC001,physics_residual_xgboost,30,14.087425653735796,17.211448654413257,0.5577598304941556,13.137061738967894,28.48857900619507
SRC002,physics_residual_xgboost,4,44.9647562623024,53.37669114574539,-0.5947781459100443,30.17594785690308,75.6776755309105
SRC004,physics_residual_xgboost,45,12.266510754691229,13.28296285854905,0.5188558552269176,12.248444938659667,18.115203933715826
SRC014,physics_residual_xgboost,27,13.036424952745437,17.30258415627793,-0.004833275476635368,10.745107555389403,24.570823364257812
SRC016,physics_residual_xgboost,18,7.641386034919157,9.700810472822386,0.8235563760561494,5.005343818664549,14.489701879024503
SRC019,physics_residual_xgboost,60,9.982396537748476,11.729851093730218,0.509022547235241,9.704020738601685,19.43133902072907
SRC020,physics_residual_xgboost,24,22.32468976924817,27.781765648348593,-0.049967817128096614,20.568116416037086,51.36482605308294
SRC021,physics_residual_xgboost,32,28.35234299749136,37.00703689683694,0.4227426381186645,24.363180828094485,69.31024246215827
SRC001,source_weighted_physics_residual_xgboost,30,13.154333519538246,16.394849782105293,0.5987285879342925,9.716455905139448,24.178991537094124
SRC002,source_weighted_physics_residual_xgboost,4,44.688902297616,53.13583767537002,-0.5804182734191277,30.015254342556005,75.36859299421312
SRC004,source_weighted_physics_residual_xgboost,45,11.778013943566215,12.669513311541534,0.5622711685415334,12.461946105957033,17.147817306518554
SRC014,source_weighted_physics_residual_xgboost,27,12.809348727155614,16.830598472859315,0.04923937749892904,9.493456077575686,23.47024998664856
SRC016,source_weighted_physics_residual_xgboost,18,8.504068004422717,10.461040504458214,0.7948177929944586,6.75975580215454,19.029043116569518
SRC019,source_weighted_physics_residual_xgboost,60,9.10669239024321,11.016458549361548,0.5669275469249679,8.215848194062708,18.53769958376884
SRC020,source_weighted_physics_residual_xgboost,24,21.716787242268527,26.651103966730723,0.033756228335941385,20.337938846647738,49.70620860904455
SRC021,source_weighted_physics_residual_xgboost,32,27.52111972644925,35.71099593462411,0.46246743669280177,23.934215688705443,66.09279514312749
