"path","bytes","sha256"
"configs/v4_1_main.yaml","1473","4c88ab9ca3e1f9affc08dd941aee1845f5e9f493d967ddff6732c7239b7a1faf"
"configs/v4_1_smoke.yaml","1321","21b4fe2e9c27f00b6a8eb14114c4aa0029de974adde0fd6987167feee48c59e3"
"data/IMPORT_TEMPLATE_measurements_v4.csv","802","8be2dcaebb486c88bce709fcfc4b2975ef79fd8f6f6439ace9f4eeeb0ca397af"
"data/OPEN_DATA_REGISTRY_v4.csv","4056","19ed35c71cce4a6228376c5e513d1181d589e69f34bc3a9c3a48c1deaab86aee"
"data/processed/liquids_v4.csv","1862","ef702a9f7cf121555a4dcec4c7f1aae000ea08ac3397726159c71613ed376f8c"
"data/processed/loo_nnls_audit_v4.csv","183368","dada6dca7fea1347781ae22a0ae828f36ec74f48c2a08005984ec012b927d4e2"
"data/processed/measurements_v4.csv","392418","643763bef619e59db900f44b483e48a20c9e425f882235093f09cd4a150f1080"
"data/processed/samples_v4.csv","315369","9e2dd56354b9b03d692915bf26a6fe656fcb1d74b048ef45e0b8a62e26b8949a"
"data/processed/sources_v4.csv","12345","482dc2892ae22a6c2025877e513e978cf87f3698b971233ab3f69c79eecb3012"
"data/processed/splits_v4.csv","134466","537353819e2297a6c1b0e1e61c0cfac74a56f9288aaa0b72617bc3f82c202684"
"data/processed/splits_v4.sha256","66","e84f3eb32bcbd1a9842129f2d3dd1dc5f683ae19a5bae11e676a5ee58e071e51"
"data/processed/surfaces_v4.csv","104308","8e648df4490f43c6b1e15f5c72b11ffba0b59703b7229dbaab7fd33516cd41be"
"docs/REPRODUCTION.md","1356","ecd27d96be410c88232b6434b742548b33b4facaff550f3bb5aea1d041784681"
"docs/RESULTS_STATUS_v4.md","4870","c20b839a9b1072e0ab937b3634f3e34d78193900bee87dba9bceee6ee4e69590"
"docs/V4_1_FINAL_ASSESSMENT.md","3027","cd536e49f4c79bf7a85080d7797f419ecd52f86964ba2211321c351c1f427269"
"pyproject.toml","755","ea40e5f621124ecd94019d2b1d0aba964c7c8731c35102ceb6f9df3ee1d29dab"
"README.md","6135","268334d0f63b7116eb55cf868a561a758af46d45ab839d2d018d4cf939713107"
"requirements-lock.in","170","9207f80af1beb9324af926d0109288bdd9b53ad2a2a577feef5621e6478ebdcc"
"requirements-lock.txt","2745","af91104ece9f1055bc3afb8d65780986259b3d61fc3fd83cc021150a9cfb2f99"
"results/ablation_v4_1.csv","1889","198f23ff7b07b6734a4a18605a34a5eb3944876467089c90198b596c3763d643"
"results/acceptance_report_v4_1.json","2101","d65046e5428bea58ae5dbc66ea33ec46ca95c20dfe8db087fc6df7e54b6bbec7"
"results/bootstrap_v4_1.csv","5665","f526cd0e5bccb50b7a239077aa68d198fd048aa87b5a99dcca3bc95cc0244796"
"results/calibration_v4_1.json","1344","af54ef3be88b67b314e82b713f358ac7e5b7ca5c75d84321cf35b0019988dc5c"
"results/consensus_oof_predictions_v4_1.csv","87353","063bd095a244712cb0fb869060493f920eb58125caa204f57efd0fbcaf1d3ec0"
"results/feature_preprocessor_v4_1.json","3606","f9a9fb04b772919a136453267ddee5b67b74d2532a57c182cecd6786ebf59138"
"results/metrics_v4_1.csv","4812","bddbe5e597fcf42878b1f130d3877027cbddc189442ec6fddb8edd173d4c28a0"
"results/model_comparison_v4_1.xlsx","35891","8b2b6bdc3c0beac7ba65929d330c415a635f74550a111d10e3387d7e05f8f864"
"results/nested_cv_results.csv","40231","9140c504a5a88366678f1cb50e08e64cbf88000932e4fdccfdda4d6bc83080ea"
"results/nested_oof_evaluated_v4_1.csv","91734","8d62e94d3b642d27666262387b7a2d5fa7bc9d8f291af068a9448f9402109838"
"results/nested_oof_predictions_v4_1.csv","83136","65798ccbd20eade35bbf9df762a0792dc5951480544b383557c72cbc064a3872"
"results/predictions_v4_1.csv","328061","3b0670b27e4cad9c44fa467ee78c5bb02b35dbe9b4791ffa5b4b80b5c411fbda"
"results/primary_eligibility_audit_v4_1.csv","192167","b2ebade6fe4c0bc2cfd81ec79323642f5e413fce13ba15d06059a1fcf92c452d"
"results/run_manifest.json","1804","64765c5d565e99150a990aac7d3764d271e196993ab47283fbf7176e9d6bea28"
"results/selected_config.json","2616","8d06eade6afdd47b3bb829a0e575fa84826296c9417fd18cd90656881edff300"
"results/stratified_metrics_v4_1.csv","5290","e875048b32db26c9197de915701087043d77153496583dff20070bc455c3840d"
"results/training_log_v4_1.csv","1213","11f95c5fc589e51de97aa6d3c3658762988800e815b2382c615f64c20d71fdfc"
"results/zero_shot_reference_v4_0.csv","269537","02622adb3ab6d3ede702b6ee442ff78883f1cec218032e473de2cac77d2a3832"
"src/lspgmoe/__init__.py","447","00b6bd74ca80aff2cf150556d1d789c4b5c9ead1a5120eaafc6c8848d634e9cd"
"src/lspgmoe/__main__.py","67","c1bc9eac724928db45c049264d2ae78ef1b43a64455357fd861591d519043ed7"
"src/lspgmoe/ablations.py","6962","a72d916da22b9a2791e2cba8f9054c9bc0a47e1ff682c001d5d456a4c5e525b7"
"src/lspgmoe/api.py","2342","d4a6543b231b05d068a63440c6e1dbb2d12864f64df9faf89d1f76a70d20b961"
"src/lspgmoe/baselines.py","5730","cf019eff1c081899258fdbf13c4c548d1fcf793c2ec4b122d8e6c303f7ccbdad"
"src/lspgmoe/data.py","19248","9cf058f32e8f3e14d5221eaaa9746f870eb3a06f4cfb30bc46111f143e941ada"
"src/lspgmoe/features.py","18766","c0dc1a3095ff2e4004241536a290589cbdf14359cef18d2e9bf536b1e7fc83a6"
"src/lspgmoe/ingest.py","50217","968d06040663665fadb409234a12edc344bc604cba816140d9c799ba36b0d50b"
"src/lspgmoe/interpretation.py","8906","a05ce87b8c13a1aae3d0cff7128c61c2bf0e43712afe5f7088eef3a8fc202699"
"src/lspgmoe/metrics.py","3185","a33f3d9036a8eed05ab8f642253a07402a3839c663ebe1f06c8dc37e2577f5dc"
"src/lspgmoe/model.py","11942","1b49feefe87d60c21f4dd0b1e4fb8f19607ac2b762c076146489756426713831"
"src/lspgmoe/physics.py","4138","25631458b35bce5e991dfe96bc1420d02dccf557b46f0d72b88efc7f19c9e19d"
"src/lspgmoe/pipeline.py","11067","6e31307a4cd1b1a32f9493df6b9145d06160df308aafbccb2c55e7fcaba69403"
"src/lspgmoe/schema.py","1731","e6b9caf2643420edf0b56259ee694c48bc7146dea9ca13e44790f59b7e99efa5"
"src/lspgmoe/training.py","26780","700c7bc61e8773abe33177392b15657bfeb81ab31ff17ca1c90f5111aa98063d"
"src/lspgmoe/uncertainty.py","2251","20a64791e011cc7d65fd324ca6f66be70236d4845fe77ddfd9af0169e7dd7c1a"
"src/lspgmoe/v41.py","70073","bbc13f864695a57fdf8cef87b36faf54491ce1f84ddbdbdce6a4c6393d778a93"
"src/pipeline.py","162","4c04301e20b43e0a313d350adf25f60e99fd99e23e950e06d017ca602faea61c"
"tests/test_api.py","1292","0dd11ea6af24d64d5b0982566cc4a60df69f774db143c5f0fad75a77e5849da2"
"tests/test_data.py","3399","d1e5e53221ae1b58f49a4f7ea7285a808893aa75afe3bf595feb40fc8b7cd959"
"tests/test_gate.py","760","464741b1bbf80bf74f53dd3d9c249bd76eba903356adcd46ddd5c390b43864f2"
"tests/test_ingest.py","2552","5eeec42dbb779b909ab984e7ae6375416eefb53ac3ec47faca372c3e95354e9f"
"tests/test_model.py","2508","65ec6d6a90611f908f90f04f80a1a6bf2701bb34fad88b1704685b634ce2fb35"
"tests/test_physics.py","2104","bfcc2bf48d19bde36f5c3a6e0e506fd65e11a01878b7163c02710a6f36526869"
"tests/test_v41.py","4906","7831b99196ae15864116cb7fd58b758bf1f21ac32c1ca605730e29d1571cece1"
