table_section,claim_role,analysis_split,scenario,model_name,n_samples,MAE,RMSE,R2,MedAE,P90AE,Within_5deg,Within_10deg,Within_15deg,source_file,notes
model_selection_check,internal_generalization_check,internal_test,v3.4_strict_original_protocol,PCRNN,33,7.5593,11.8887,0.844265,4.0255,19.7576,0.575758,0.787879,0.848485,main_result_table_v3.4_20260518.csv,Retained from v3.4 strict result; not affected by source-disjoint SFE correction.
model_selection_check,internal_generalization_check,internal_test,v3.4_strict_original_protocol,Owens-Wendt,33,10.3232,15.1741,0.746301,5.3227,28.938,0.484848,0.666667,0.727273,main_result_table_v3.4_20260518.csv,Retained from v3.4 strict result; not affected by source-disjoint SFE correction.
model_selection_check,internal_generalization_check,internal_test,v3.4_strict_original_protocol,XGBoost,33,7.3697,9.6175,0.898086,6.4612,15.0587,0.454545,0.69697,0.878788,main_result_table_v3.4_20260518.csv,Retained from v3.4 strict result; not affected by source-disjoint SFE correction.
model_selection_check,internal_generalization_check,internal_test,v3.4_strict_original_protocol,Random Forest,33,9.311,12.4663,0.828766,6.5602,18.0799,0.363636,0.69697,0.787879,main_result_table_v3.4_20260518.csv,Retained from v3.4 strict result; not affected by source-disjoint SFE correction.
model_selection_check,internal_generalization_check,internal_test,v3.4_strict_original_protocol,Ordinary MLP,33,7.2436,9.683,0.896693,5.9197,16.4904,0.454545,0.727273,0.818182,main_result_table_v3.4_20260518.csv,Retained from v3.4 strict result; not affected by source-disjoint SFE correction.
model_selection_check,internal_generalization_check,internal_test,v3.4_strict_original_protocol,vOCG,33,10.1579,14.8357,0.757488,4.8622,24.6625,0.515152,0.575758,0.727273,main_result_table_v3.4_20260518.csv,Retained from v3.4 strict result; not affected by source-disjoint SFE correction.
model_selection_check,internal_generalization_check,internal_test,v3.4_strict_original_protocol,Harmonic Mean,33,13.9963,17.1573,0.675652,13.1081,28.938,0.212121,0.424242,0.69697,main_result_table_v3.4_20260518.csv,Retained from v3.4 strict result; not affected by source-disjoint SFE correction.
model_selection_check,internal_generalization_check,internal_test,v3.4_strict_original_protocol,Weighted Geometric,33,10.7178,15.5176,0.734685,8.4731,28.938,0.484848,0.606061,0.727273,main_result_table_v3.4_20260518.csv,Retained from v3.4 strict result; not affected by source-disjoint SFE correction.
supporting_holdout,supporting_holdout_evidence,balanced_holdout,v3.4_strict_original_protocol,PCRNN,50,10.5176,16.0819,0.778345,7.9533,20.5175,0.4,0.56,0.72,main_result_table_v3.4_20260518.csv,Retained from v3.4 strict result; not affected by source-disjoint SFE correction.
supporting_holdout,supporting_holdout_evidence,balanced_holdout,v3.4_strict_original_protocol,Owens-Wendt,50,13.7791,22.3225,0.57294,8.3286,31.82,0.38,0.56,0.64,main_result_table_v3.4_20260518.csv,Retained from v3.4 strict result; not affected by source-disjoint SFE correction.
supporting_holdout,supporting_holdout_evidence,balanced_holdout,v3.4_strict_original_protocol,XGBoost,50,9.6448,14.2934,0.824906,6.2592,20.6805,0.44,0.68,0.8,main_result_table_v3.4_20260518.csv,Retained from v3.4 strict result; not affected by source-disjoint SFE correction.
supporting_holdout,supporting_holdout_evidence,balanced_holdout,v3.4_strict_original_protocol,Random Forest,50,14.1556,17.0889,0.749718,12.2664,26.026,0.2,0.32,0.62,main_result_table_v3.4_20260518.csv,Retained from v3.4 strict result; not affected by source-disjoint SFE correction.
supporting_holdout,supporting_holdout_evidence,balanced_holdout,v3.4_strict_original_protocol,Ordinary MLP,50,10.2699,14.5806,0.817798,7.1879,21.5387,0.42,0.6,0.74,main_result_table_v3.4_20260518.csv,Retained from v3.4 strict result; not affected by source-disjoint SFE correction.
supporting_holdout,supporting_holdout_evidence,balanced_holdout,v3.4_strict_original_protocol,vOCG,50,16.0741,24.8382,0.471261,8.9685,38.379,0.36,0.54,0.6,main_result_table_v3.4_20260518.csv,Retained from v3.4 strict result; not affected by source-disjoint SFE correction.
supporting_holdout,supporting_holdout_evidence,balanced_holdout,v3.4_strict_original_protocol,Harmonic Mean,50,15.8514,23.2601,0.536315,12.3885,34.5225,0.28,0.42,0.62,main_result_table_v3.4_20260518.csv,Retained from v3.4 strict result; not affected by source-disjoint SFE correction.
supporting_holdout,supporting_holdout_evidence,balanced_holdout,v3.4_strict_original_protocol,Weighted Geometric,50,14.0556,22.5003,0.566112,7.7881,31.82,0.42,0.6,0.62,main_result_table_v3.4_20260518.csv,Retained from v3.4 strict result; not affected by source-disjoint SFE correction.
supporting_holdout,supporting_holdout_evidence,hard_external,v3.4_strict_original_protocol,PCRNN,75,9.2835,21.9757,0.652235,1.7733,24.1341,0.706667,0.786667,0.866667,main_result_table_v3.4_20260518.csv,Retained from v3.4 strict result; not affected by source-disjoint SFE correction.
supporting_holdout,supporting_holdout_evidence,hard_external,v3.4_strict_original_protocol,Owens-Wendt,75,10.2278,26.3387,0.500434,1.7734,24.7808,0.706667,0.786667,0.866667,main_result_table_v3.4_20260518.csv,Retained from v3.4 strict result; not affected by source-disjoint SFE correction.
supporting_holdout,supporting_holdout_evidence,hard_external,v3.4_strict_original_protocol,XGBoost,75,14.8067,23.0541,0.617263,8.5776,33.929,0.306667,0.6,0.72,main_result_table_v3.4_20260518.csv,Retained from v3.4 strict result; not affected by source-disjoint SFE correction.
supporting_holdout,supporting_holdout_evidence,hard_external,v3.4_strict_original_protocol,Random Forest,75,24.5947,33.6459,0.184795,15.576,57.1095,0.213333,0.306667,0.48,main_result_table_v3.4_20260518.csv,Retained from v3.4 strict result; not affected by source-disjoint SFE correction.
supporting_holdout,supporting_holdout_evidence,hard_external,v3.4_strict_original_protocol,Ordinary MLP,75,17.5238,29.3167,0.381082,8.3119,42.5873,0.413333,0.586667,0.693333,main_result_table_v3.4_20260518.csv,Retained from v3.4 strict result; not affected by source-disjoint SFE correction.
supporting_holdout,supporting_holdout_evidence,hard_external,v3.4_strict_original_protocol,vOCG,75,10.7438,27.1626,0.468695,2.2078,26.4723,0.706667,0.786667,0.866667,main_result_table_v3.4_20260518.csv,Retained from v3.4 strict result; not affected by source-disjoint SFE correction.
supporting_holdout,supporting_holdout_evidence,hard_external,v3.4_strict_original_protocol,Harmonic Mean,75,11.2866,22.8276,0.624749,4.4344,19.5851,0.546667,0.72,0.786667,main_result_table_v3.4_20260518.csv,Retained from v3.4 strict result; not affected by source-disjoint SFE correction.
supporting_holdout,supporting_holdout_evidence,hard_external,v3.4_strict_original_protocol,Weighted Geometric,75,10.7407,26.5052,0.494101,2.7364,24.9655,0.68,0.786667,0.88,main_result_table_v3.4_20260518.csv,Retained from v3.4 strict result; not affected by source-disjoint SFE correction.
primary_clean_external,primary_clean_external_validation,clean_source_disjoint_external_LOO_SFE_114,loo_sfe_corrected_loo_feasible_114,PCRNN,114,19.0381,24.8473,0.701312,13.3078,43.1505,,,,pcrnn_strict_v3.4_loo_sfe_metrics_20260519.csv,Primary clean external validation after removing target liquid from apparent SFE fitting.
primary_clean_external,primary_clean_external_validation,clean_source_disjoint_external_LOO_SFE_114,loo_sfe_corrected_loo_feasible_114,Owens-Wendt,114,19.0453,24.8253,0.701841,13.8448,43.1505,,,,pcrnn_strict_v3.4_loo_sfe_metrics_20260519.csv,Primary clean external validation after removing target liquid from apparent SFE fitting.
primary_clean_external,primary_clean_external_validation,clean_source_disjoint_external_LOO_SFE_114,loo_sfe_corrected_loo_feasible_114,XGBoost,114,17.0573,22.5064,0.754941,11.9943,41.0456,,,,pcrnn_strict_v3.4_loo_sfe_metrics_20260519.csv,Primary clean external validation after removing target liquid from apparent SFE fitting.
primary_clean_external,primary_clean_external_validation,clean_source_disjoint_external_LOO_SFE_114,loo_sfe_corrected_loo_feasible_114,Random Forest,114,24.4038,29.6862,0.573646,23.849,44.4621,,,,pcrnn_strict_v3.4_loo_sfe_metrics_20260519.csv,Primary clean external validation after removing target liquid from apparent SFE fitting.
primary_clean_external,primary_clean_external_validation,clean_source_disjoint_external_LOO_SFE_114,loo_sfe_corrected_loo_feasible_114,Ordinary MLP,114,20.1858,23.7907,0.726173,18.0066,42.0631,,,,pcrnn_strict_v3.4_loo_sfe_metrics_20260519.csv,Primary clean external validation after removing target liquid from apparent SFE fitting.
leakage_risk_sensitivity,sensitivity_not_primary,original_source_disjoint_external_all_liquid_SFE_148,original_all_liquid_source_disjoint_external,PCRNN,148,6.1668,10.669,0.93768,2.5508,18.6754,,,,pcrnn_strict_v3.4_loo_sfe_metrics_20260519.csv,"All-liquid apparent SFE result retained only as leakage-risk sensitivity, not as the main external claim."
leakage_risk_sensitivity,sensitivity_not_primary,original_source_disjoint_external_all_liquid_SFE_148,original_all_liquid_source_disjoint_external,Owens-Wendt,148,6.3023,11.1231,0.932263,2.151,21.5013,,,,pcrnn_strict_v3.4_loo_sfe_metrics_20260519.csv,"All-liquid apparent SFE result retained only as leakage-risk sensitivity, not as the main external claim."
leakage_risk_sensitivity,sensitivity_not_primary,original_source_disjoint_external_all_liquid_SFE_148,original_all_liquid_source_disjoint_external,XGBoost,148,8.3396,11.7227,0.924763,6.0493,17.6635,,,,pcrnn_strict_v3.4_loo_sfe_metrics_20260519.csv,"All-liquid apparent SFE result retained only as leakage-risk sensitivity, not as the main external claim."
leakage_risk_sensitivity,sensitivity_not_primary,original_source_disjoint_external_all_liquid_SFE_148,original_all_liquid_source_disjoint_external,Random Forest,148,14.7454,20.6469,0.766607,7.0102,37.8131,,,,pcrnn_strict_v3.4_loo_sfe_metrics_20260519.csv,"All-liquid apparent SFE result retained only as leakage-risk sensitivity, not as the main external claim."
leakage_risk_sensitivity,sensitivity_not_primary,original_source_disjoint_external_all_liquid_SFE_148,original_all_liquid_source_disjoint_external,Ordinary MLP,148,12.1643,15.4975,0.868508,9.0386,26.2835,,,,pcrnn_strict_v3.4_loo_sfe_metrics_20260519.csv,"All-liquid apparent SFE result retained only as leakage-risk sensitivity, not as the main external claim."
leakage_risk_sensitivity,sensitivity_not_primary,original_source_disjoint_external_all_liquid_SFE_matched_114,original_all_liquid_loo_feasible_114,PCRNN,114,7.9098,12.1343,0.928766,4.1723,24.3914,,,,pcrnn_strict_v3.4_loo_sfe_metrics_20260519.csv,"All-liquid apparent SFE result retained only as leakage-risk sensitivity, not as the main external claim."
leakage_risk_sensitivity,sensitivity_not_primary,original_source_disjoint_external_all_liquid_SFE_matched_114,original_all_liquid_loo_feasible_114,Owens-Wendt,114,8.1716,12.6736,0.922293,4.1107,25.2911,,,,pcrnn_strict_v3.4_loo_sfe_metrics_20260519.csv,"All-liquid apparent SFE result retained only as leakage-risk sensitivity, not as the main external claim."
leakage_risk_sensitivity,sensitivity_not_primary,original_source_disjoint_external_all_liquid_SFE_matched_114,original_all_liquid_loo_feasible_114,XGBoost,114,8.3625,11.8754,0.931773,6.3957,16.5031,,,,pcrnn_strict_v3.4_loo_sfe_metrics_20260519.csv,"All-liquid apparent SFE result retained only as leakage-risk sensitivity, not as the main external claim."
leakage_risk_sensitivity,sensitivity_not_primary,original_source_disjoint_external_all_liquid_SFE_matched_114,original_all_liquid_loo_feasible_114,Random Forest,114,17.8368,23.1777,0.740103,14.1173,39.4881,,,,pcrnn_strict_v3.4_loo_sfe_metrics_20260519.csv,"All-liquid apparent SFE result retained only as leakage-risk sensitivity, not as the main external claim."
leakage_risk_sensitivity,sensitivity_not_primary,original_source_disjoint_external_all_liquid_SFE_matched_114,original_all_liquid_loo_feasible_114,Ordinary MLP,114,12.8393,16.321,0.871129,9.1918,26.8003,,,,pcrnn_strict_v3.4_loo_sfe_metrics_20260519.csv,"All-liquid apparent SFE result retained only as leakage-risk sensitivity, not as the main external claim."
diagnostic_appendix,diagnostic_appendix_only,high_risk_source_disjoint_external_34_original_only,high_risk_34_original_only,PCRNN,34,0.3227,1.34,0.997996,0.0103,0.2089,,,,pcrnn_strict_v3.4_loo_sfe_metrics_20260519.csv,High-risk LOO-SFE-infeasible cohort; report separately and do not mix into strong external validation.
diagnostic_appendix,diagnostic_appendix_only,high_risk_source_disjoint_external_34_original_only,high_risk_34_original_only,Owens-Wendt,34,0.0345,0.0902,0.999991,0.0102,0.0781,,,,pcrnn_strict_v3.4_loo_sfe_metrics_20260519.csv,High-risk LOO-SFE-infeasible cohort; report separately and do not mix into strong external validation.
diagnostic_appendix,diagnostic_appendix_only,high_risk_source_disjoint_external_34_original_only,high_risk_34_original_only,XGBoost,34,8.2631,11.1953,0.860089,4.9361,19.4569,,,,pcrnn_strict_v3.4_loo_sfe_metrics_20260519.csv,High-risk LOO-SFE-infeasible cohort; report separately and do not mix into strong external validation.
diagnostic_appendix,diagnostic_appendix_only,high_risk_source_disjoint_external_34_original_only,high_risk_34_original_only,Random Forest,34,4.38,7.3764,0.939261,3.0272,6.7901,,,,pcrnn_strict_v3.4_loo_sfe_metrics_20260519.csv,High-risk LOO-SFE-infeasible cohort; report separately and do not mix into strong external validation.
diagnostic_appendix,diagnostic_appendix_only,high_risk_source_disjoint_external_34_original_only,high_risk_34_original_only,Ordinary MLP,34,9.9012,12.3416,0.82997,8.7406,17.6569,,,,pcrnn_strict_v3.4_loo_sfe_metrics_20260519.csv,High-risk LOO-SFE-infeasible cohort; report separately and do not mix into strong external validation.
