rank,record_id,loo_sfe_group,sfe_mode,model_name,y_true,y_pred,owens_wendt_pred,gate_value,residual_pred,error,abs_error,source_group_id,duplicate_policy,possible_reason
1,CA0475,loo_feasible,loo_sfe_corrected,PCRNN,150.0,87.54708862304688,87.54709529658258,0.0,-6.6735357080460744e-06,-62.452911376953125,62.452911376953125,SDX004,unique_or_condition_distinct_keep,high_angle_sample; gate_closed
2,CA0580,loo_feasible,loo_sfe_corrected,PCRNN,32.8,93.2872543334961,93.28725550494129,0.0,-1.1714451915167956e-06,60.4872543334961,60.4872543334961,SDX003,unique_or_condition_distinct_keep,gate_closed
3,CA0526,loo_feasible,loo_sfe_corrected,PCRNN,136.4,78.98220825195312,78.98220999125806,0.0,-1.7393049347447231e-06,-57.41779174804688,57.41779174804688,SDX005,unique_or_condition_distinct_keep,high_angle_sample; gate_closed
4,CA0593,loo_feasible,loo_sfe_corrected,PCRNN,78.7,22.18174171447754,25.05971812035439,0.10507264733314514,-2.8779764058768507,-56.518258285522464,56.518258285522464,SDX010,unique_or_condition_distinct_keep,moderate residual/domain shift
5,CA0502,loo_feasible,loo_sfe_corrected,PCRNN,145.0,89.99311065673828,89.99311780640318,0.0,-7.149664895678143e-06,-55.00688934326172,55.00688934326172,SDX004,unique_or_condition_distinct_keep,high_angle_sample; gate_closed
6,CA0478,loo_feasible,loo_sfe_corrected,PCRNN,126.0,71.66493225097656,71.6649353819209,0.0,-3.1309443357940836e-06,-54.33506774902344,54.33506774902344,SDX004,unique_or_condition_distinct_keep,high_angle_sample; gate_closed
7,CA0490,loo_feasible,loo_sfe_corrected,PCRNN,135.0,81.43458557128906,81.43459197187833,0.0,-6.4005892710383705e-06,-53.56541442871094,53.56541442871094,SDX004,unique_or_condition_distinct_keep,high_angle_sample; gate_closed
8,CA0577,loo_feasible,loo_sfe_corrected,PCRNN,40.3,93.7737045288086,93.77371242126532,0.0,-7.892456721947383e-06,53.4737045288086,53.4737045288086,SDX003,unique_or_condition_distinct_keep,gate_closed
9,CA0517,loo_feasible,loo_sfe_corrected,PCRNN,125.6,73.66370391845703,73.66370365483984,0.0,2.636171956282851e-07,-51.93629608154296,51.93629608154296,SDX005,unique_or_condition_distinct_keep,high_angle_sample; gate_closed
10,CA0492,loo_feasible,loo_sfe_corrected,PCRNN,105.0,151.5598907470703,151.55990663331795,0.0,-1.588624763826374e-05,46.55989074707031,46.55989074707031,SDX004,unique_or_condition_distinct_keep,gate_closed
11,CA0472,loo_feasible,loo_sfe_corrected,PCRNN,162.0,117.1363754272461,117.13638340069554,0.0,-7.973449442033598e-06,-44.863624572753906,44.863624572753906,SDX004,unique_or_condition_distinct_keep,high_angle_sample; gate_closed
12,CA0480,loo_feasible,loo_sfe_corrected,PCRNN,89.0,132.89353942871094,132.8935408430463,0.0,-1.4143353723738983e-06,43.89353942871094,43.89353942871094,SDX004,unique_or_condition_distinct_keep,gate_closed
13,CA0609,loo_feasible,loo_sfe_corrected,PCRNN,36.7,78.1167221069336,78.11672569961264,0.0,-3.592679050257175e-06,41.41672210693359,41.41672210693359,SDX007,unique_or_condition_distinct_keep,gate_closed
14,CA0578,loo_feasible,loo_sfe_corrected,PCRNN,30.0,69.56149291992188,69.21455209908336,0.06643654406070709,0.34694082083851185,39.561492919921875,39.561492919921875,SDX003,unique_or_condition_distinct_keep,moderate residual/domain shift
15,CA0476,loo_feasible,loo_sfe_corrected,PCRNN,127.0,89.18309020996094,89.18309468371724,0.0,-4.473756305856114e-06,-37.81690979003906,37.81690979003906,SDX004,unique_or_condition_distinct_keep,high_angle_sample; gate_closed
16,CA0487,loo_feasible,loo_sfe_corrected,PCRNN,146.0,108.21011352539062,108.21012294356478,0.0,-9.418174158781767e-06,-37.789886474609375,37.789886474609375,SDX004,unique_or_condition_distinct_keep,high_angle_sample; gate_closed
17,CA0590,loo_feasible,loo_sfe_corrected,PCRNN,97.5,60.829532623291016,60.82953458536549,0.0,-1.9620744708959137e-06,-36.670467376708984,36.670467376708984,SDX010,unique_or_condition_distinct_keep,gate_closed
18,CA0575,loo_feasible,loo_sfe_corrected,PCRNN,36.2,70.43052673339844,70.4305370719908,0.0,-1.0338592360881194e-05,34.230526733398435,34.230526733398435,SDX003,unique_or_condition_distinct_keep,gate_closed
19,CA0528,loo_feasible,loo_sfe_corrected,PCRNN,95.8,129.5789337158203,129.57894647538652,0.0,-1.2759566203612849e-05,33.778933715820315,33.778933715820315,SDX005,unique_or_condition_distinct_keep,gate_closed
20,CA0527,loo_feasible,loo_sfe_corrected,PCRNN,130.5,97.14692687988281,97.14693161072478,0.0,-4.7308419652836164e-06,-33.35307312011719,33.35307312011719,SDX005,unique_or_condition_distinct_keep,high_angle_sample; gate_closed
21,CA0503,loo_feasible,loo_sfe_corrected,PCRNN,136.0,102.93016052246094,102.93016301414751,0.0,-2.49168657262544e-06,-33.06983947753906,33.06983947753906,SDX004,unique_or_condition_distinct_keep,high_angle_sample; gate_closed
22,CA0610,loo_feasible,loo_sfe_corrected,PCRNN,44.8,12.212139129638672,12.21214000997815,0.0,-8.80339477760117e-07,-32.587860870361325,32.587860870361325,SDX007,unique_or_condition_distinct_keep,gate_closed
23,CA0576,loo_feasible,loo_sfe_corrected,PCRNN,32.3,0.0,0.0,0.0,0.0,-32.3,32.3,SDX003,unique_or_condition_distinct_keep,gate_closed
24,CA0523,loo_feasible,loo_sfe_corrected,PCRNN,116.6,84.75851440429688,84.75852368707078,0.0,-9.282773902441477e-06,-31.84148559570312,31.84148559570312,SDX005,unique_or_condition_distinct_keep,gate_closed
25,CA0491,loo_feasible,loo_sfe_corrected,PCRNN,142.0,110.81179809570312,110.8118007753506,0.0,-2.6796474799084535e-06,-31.188201904296875,31.188201904296875,SDX004,unique_or_condition_distinct_keep,high_angle_sample; gate_closed
26,CA0519,loo_feasible,loo_sfe_corrected,PCRNN,80.2,110.45613861083984,110.45614589156588,0.0,-7.2807260380614025e-06,30.25613861083984,30.25613861083984,SDX005,unique_or_condition_distinct_keep,gate_closed
27,CA0598,loo_feasible,loo_sfe_corrected,PCRNN,37.9,8.898544311523438,8.898549401766413,0.0,-5.090242975569481e-06,-29.00145568847656,29.00145568847656,SDX010,unique_or_condition_distinct_keep,gate_closed
28,CA0518,loo_feasible,loo_sfe_corrected,PCRNN,114.8,85.9418716430664,85.9418742311643,0.0,-2.5880978995473924e-06,-28.85812835693359,28.85812835693359,SDX005,unique_or_condition_distinct_keep,gate_closed
29,CA0479,loo_feasible,loo_sfe_corrected,PCRNN,126.0,97.28865051269531,97.28865540432555,0.0,-4.891630240422273e-06,-28.711349487304688,28.711349487304688,SDX004,unique_or_condition_distinct_keep,high_angle_sample; gate_closed
30,CA0514,loo_feasible,loo_sfe_corrected,PCRNN,142.0,113.93209838867188,112.45712127213716,0.07599832117557526,1.474977116534717,-28.067901611328125,28.067901611328125,SDX004,unique_or_condition_distinct_keep,high_angle_sample
31,CA0473,loo_feasible,loo_sfe_corrected,PCRNN,150.0,123.03367614746094,123.03368128401901,0.0,-5.136558073104425e-06,-26.966323852539062,26.966323852539062,SDX004,unique_or_condition_distinct_keep,high_angle_sample; gate_closed
32,CA0486,loo_feasible,loo_sfe_corrected,PCRNN,123.0,96.1058578491211,96.10586319151196,0.0,-5.34239086391608e-06,-26.894142150878906,26.894142150878906,SDX004,unique_or_condition_distinct_keep,high_angle_sample; gate_closed
33,CA0579,loo_feasible,loo_sfe_corrected,PCRNN,26.4,0.0,0.0,0.0,0.0,-26.4,26.4,SDX003,unique_or_condition_distinct_keep,gate_closed
34,CA0504,loo_feasible,loo_sfe_corrected,PCRNN,105.0,131.23350524902344,131.23351107257267,0.0,-5.823549230399294e-06,26.233505249023438,26.233505249023438,SDX004,unique_or_condition_distinct_keep,gate_closed
35,CA0592,loo_feasible,loo_sfe_corrected,PCRNN,25.6,0.0,0.0,0.0,0.0,-25.6,25.6,SDX010,unique_or_condition_distinct_keep,gate_closed
36,CA0599,loo_feasible,loo_sfe_corrected,PCRNN,81.4,55.83292007446289,55.83292364927654,0.0,-3.574813646878283e-06,-25.567079925537115,25.567079925537115,SDX010,unique_or_condition_distinct_keep,gate_closed
37,CA0507,loo_feasible,loo_sfe_corrected,PCRNN,133.0,107.48910522460938,107.48911342401034,0.0,-8.199400966191206e-06,-25.510894775390625,25.510894775390625,SDX004,unique_or_condition_distinct_keep,high_angle_sample; gate_closed
38,CA0520,loo_feasible,loo_sfe_corrected,PCRNN,115.5,90.48405456542969,90.48405765000714,0.0,-3.0845774574572715e-06,-25.015945434570312,25.015945434570312,SDX005,unique_or_condition_distinct_keep,gate_closed
39,CA0522,loo_feasible,loo_sfe_corrected,PCRNN,79.8,104.78228759765625,104.78229187421331,0.0,-4.2765570640312944e-06,24.982287597656253,24.982287597656253,SDX005,unique_or_condition_distinct_keep,gate_closed
40,CA0596,loo_feasible,loo_sfe_corrected,PCRNN,96.8,73.4698715209961,73.46987262892243,0.0,-1.1079263373403592e-06,-23.330128479003903,23.330128479003903,SDX010,unique_or_condition_distinct_keep,gate_closed
