record_id,reference_doi,solid_name,liquid_name,contact_angle_deg,solid_surface_energy_source_type,sfe_fitting_liquids,target_liquid_used_in_sfe_fit,loo_sfe_feasible,loo_available_liquids,risk_level,recommended_action,notes,loo_sfe_total_mJ_m2,loo_sfe_dispersion_mJ_m2,loo_sfe_polar_mJ_m2,all_liquid_fit_total_mJ_m2,all_liquid_fit_dispersion_mJ_m2,all_liquid_fit_polar_mJ_m2
CA0469,10.3390/coatings13050928,"L1-C coated laser-textured CFRP, cleaning step 0",water,165,inferred_from_contact_angles,diiodomethane;formamide;water,yes,yes,diiodomethane;formamide,medium,Run LOO-SFE sensitivity: recompute apparent OWRK features from loo_available_liquids when predicting this target liquid.,v3.4 SFE was computed as apparent OWRK from same-surface liquids (diiodomethane; formamide; water). Current target water is included in the original fit.,0.39,0.39,0,0.59,0.52,0.07
CA0470,10.3390/coatings13050928,"L1-C coated laser-textured CFRP, cleaning step 0",formamide,150,inferred_from_contact_angles,diiodomethane;formamide;water,yes,yes,diiodomethane;water,medium,Run LOO-SFE sensitivity: recompute apparent OWRK features from loo_available_liquids when predicting this target liquid.,v3.4 SFE was computed as apparent OWRK from same-surface liquids (diiodomethane; formamide; water). Current target formamide is included in the original fit.,0.54,0.47,0.07,0.59,0.52,0.07
CA0471,10.3390/coatings13050928,"L1-C coated laser-textured CFRP, cleaning step 0",diiodomethane,146,inferred_from_contact_angles,diiodomethane;formamide;water,yes,yes,formamide;water,medium,Run LOO-SFE sensitivity: recompute apparent OWRK features from loo_available_liquids when predicting this target liquid.,v3.4 SFE was computed as apparent OWRK from same-surface liquids (diiodomethane; formamide; water). Current target diiodomethane is included in the original fit.,1.03,0.85,0.18,0.59,0.52,0.07
CA0472,10.3390/coatings13050928,"L1-C coated laser-textured CFRP, cleaning step 1",water,162,inferred_from_contact_angles,diiodomethane;formamide;water,yes,yes,diiodomethane;formamide,medium,Run LOO-SFE sensitivity: recompute apparent OWRK features from loo_available_liquids when predicting this target liquid.,v3.4 SFE was computed as apparent OWRK from same-surface liquids (diiodomethane; formamide; water). Current target water is included in the original fit.,5.72,3.08,2.64,2.74,2.09,0.65
CA0473,10.3390/coatings13050928,"L1-C coated laser-textured CFRP, cleaning step 1",formamide,150,inferred_from_contact_angles,diiodomethane;formamide;water,yes,yes,diiodomethane;water,medium,Run LOO-SFE sensitivity: recompute apparent OWRK features from loo_available_liquids when predicting this target liquid.,v3.4 SFE was computed as apparent OWRK from same-surface liquids (diiodomethane; formamide; water). Current target formamide is included in the original fit.,3.07,2.47,0.6,2.74,2.09,0.65
CA0474,10.3390/coatings13050928,"L1-C coated laser-textured CFRP, cleaning step 1",diiodomethane,128,inferred_from_contact_angles,diiodomethane;formamide;water,yes,yes,formamide;water,medium,Run LOO-SFE sensitivity: recompute apparent OWRK features from loo_available_liquids when predicting this target liquid.,v3.4 SFE was computed as apparent OWRK from same-surface liquids (diiodomethane; formamide; water). Current target diiodomethane is included in the original fit.,0.76,0.68,0.08,2.74,2.09,0.65
CA0475,10.3390/coatings13050928,"L1-C coated laser-textured CFRP, cleaning step 2",water,150,inferred_from_contact_angles,diiodomethane;formamide;water,yes,yes,diiodomethane;formamide,medium,Run LOO-SFE sensitivity: recompute apparent OWRK features from loo_available_liquids when predicting this target liquid.,v3.4 SFE was computed as apparent OWRK from same-surface liquids (diiodomethane; formamide; water). Current target water is included in the original fit.,22.51,14.57,7.95,14.3,11.46,2.84
CA0476,10.3390/coatings13050928,"L1-C coated laser-textured CFRP, cleaning step 2",formamide,127,inferred_from_contact_angles,diiodomethane;formamide;water,yes,yes,diiodomethane;water,medium,Run LOO-SFE sensitivity: recompute apparent OWRK features from loo_available_liquids when predicting this target liquid.,v3.4 SFE was computed as apparent OWRK from same-surface liquids (diiodomethane; formamide; water). Current target formamide is included in the original fit.,15.39,12.68,2.71,14.3,11.46,2.84
CA0477,10.3390/coatings13050928,"L1-C coated laser-textured CFRP, cleaning step 2",diiodomethane,97,inferred_from_contact_angles,diiodomethane;formamide;water,yes,yes,formamide;water,medium,Run LOO-SFE sensitivity: recompute apparent OWRK features from loo_available_liquids when predicting this target liquid.,v3.4 SFE was computed as apparent OWRK from same-surface liquids (diiodomethane; formamide; water). Current target diiodomethane is included in the original fit.,7.31,6.37,0.94,14.3,11.46,2.84
CA0478,10.3390/coatings13050928,"L1-C coated laser-textured CFRP, cleaning step 5",water,126,inferred_from_contact_angles,diiodomethane;formamide;water,yes,yes,diiodomethane;formamide,medium,Run LOO-SFE sensitivity: recompute apparent OWRK features from loo_available_liquids when predicting this target liquid.,v3.4 SFE was computed as apparent OWRK from same-surface liquids (diiodomethane; formamide; water). Current target water is included in the original fit.,34.48,20.48,14,11.08,10.84,0.24
CA0479,10.3390/coatings13050928,"L1-C coated laser-textured CFRP, cleaning step 5",formamide,126,inferred_from_contact_angles,diiodomethane;formamide;water,yes,yes,diiodomethane;water,medium,Run LOO-SFE sensitivity: recompute apparent OWRK features from loo_available_liquids when predicting this target liquid.,v3.4 SFE was computed as apparent OWRK from same-surface liquids (diiodomethane; formamide; water). Current target formamide is included in the original fit.,14.53,14.39,0.14,11.08,10.84,0.24
CA0480,10.3390/coatings13050928,"L1-C coated laser-textured CFRP, cleaning step 5",diiodomethane,89,inferred_from_contact_angles,diiodomethane;formamide;water,yes,yes,formamide;water,medium,Run LOO-SFE sensitivity: recompute apparent OWRK features from loo_available_liquids when predicting this target liquid.,v3.4 SFE was computed as apparent OWRK from same-surface liquids (diiodomethane; formamide; water). Current target diiodomethane is included in the original fit.,3.12,0.68,2.44,11.08,10.84,0.24
CA0481,10.3390/coatings13050928,"L2-C coated laser-textured CFRP, cleaning step 0",water,161,inferred_from_contact_angles,diiodomethane;formamide;water,yes,yes,diiodomethane;formamide,medium,Run LOO-SFE sensitivity: recompute apparent OWRK features from loo_available_liquids when predicting this target liquid.,v3.4 SFE was computed as apparent OWRK from same-surface liquids (diiodomethane; formamide; water). Current target water is included in the original fit.,1.04,1.04,0,1.62,1.43,0.19
CA0482,10.3390/coatings13050928,"L2-C coated laser-textured CFRP, cleaning step 0",formamide,141,inferred_from_contact_angles,diiodomethane;formamide;water,yes,yes,diiodomethane;water,medium,Run LOO-SFE sensitivity: recompute apparent OWRK features from loo_available_liquids when predicting this target liquid.,v3.4 SFE was computed as apparent OWRK from same-surface liquids (diiodomethane; formamide; water). Current target formamide is included in the original fit.,1.47,1.26,0.21,1.62,1.43,0.19
CA0483,10.3390/coatings13050928,"L2-C coated laser-textured CFRP, cleaning step 0",diiodomethane,136,inferred_from_contact_angles,diiodomethane;formamide;water,yes,yes,formamide;water,medium,Run LOO-SFE sensitivity: recompute apparent OWRK features from loo_available_liquids when predicting this target liquid.,v3.4 SFE was computed as apparent OWRK from same-surface liquids (diiodomethane; formamide; water). Current target diiodomethane is included in the original fit.,2.93,2.39,0.54,1.62,1.43,0.19
CA0484,10.3390/coatings13050928,"L2-C coated laser-textured CFRP, cleaning step 1",water,158,inferred_from_contact_angles,diiodomethane;formamide;water,yes,yes,diiodomethane;formamide,medium,Run LOO-SFE sensitivity: recompute apparent OWRK features from loo_available_liquids when predicting this target liquid.,v3.4 SFE was computed as apparent OWRK from same-surface liquids (diiodomethane; formamide; water). Current target water is included in the original fit.,2.64,2.48,0.15,4.73,4.1,0.63
CA0485,10.3390/coatings13050928,"L2-C coated laser-textured CFRP, cleaning step 1",formamide,127,inferred_from_contact_angles,diiodomethane;formamide;water,yes,yes,diiodomethane;water,medium,Run LOO-SFE sensitivity: recompute apparent OWRK features from loo_available_liquids when predicting this target liquid.,v3.4 SFE was computed as apparent OWRK from same-surface liquids (diiodomethane; formamide; water). Current target formamide is included in the original fit.,4.09,3.39,0.69,4.73,4.1,0.63
CA0486,10.3390/coatings13050928,"L2-C coated laser-textured CFRP, cleaning step 1",diiodomethane,123,inferred_from_contact_angles,diiodomethane;formamide;water,yes,yes,formamide;water,medium,Run LOO-SFE sensitivity: recompute apparent OWRK features from loo_available_liquids when predicting this target liquid.,v3.4 SFE was computed as apparent OWRK from same-surface liquids (diiodomethane; formamide; water). Current target diiodomethane is included in the original fit.,10.93,8.55,2.37,4.73,4.1,0.63
CA0487,10.3390/coatings13050928,"L2-C coated laser-textured CFRP, cleaning step 2",water,146,inferred_from_contact_angles,diiodomethane;formamide;water,yes,yes,diiodomethane;formamide,medium,Run LOO-SFE sensitivity: recompute apparent OWRK features from loo_available_liquids when predicting this target liquid.,v3.4 SFE was computed as apparent OWRK from same-surface liquids (diiodomethane; formamide; water). Current target water is included in the original fit.,9.64,6.06,3.59,4.21,3.87,0.35
CA0488,10.3390/coatings13050928,"L2-C coated laser-textured CFRP, cleaning step 2",formamide,139,inferred_from_contact_angles,diiodomethane;formamide;water,yes,yes,diiodomethane;water,medium,Run LOO-SFE sensitivity: recompute apparent OWRK features from loo_available_liquids when predicting this target liquid.,v3.4 SFE was computed as apparent OWRK from same-surface liquids (diiodomethane; formamide; water). Current target formamide is included in the original fit.,4.99,4.7,0.3,4.21,3.87,0.35
CA0489,10.3390/coatings13050928,"L2-C coated laser-textured CFRP, cleaning step 2",diiodomethane,116,inferred_from_contact_angles,diiodomethane;formamide;water,yes,yes,formamide;water,medium,Run LOO-SFE sensitivity: recompute apparent OWRK features from loo_available_liquids when predicting this target liquid.,v3.4 SFE was computed as apparent OWRK from same-surface liquids (diiodomethane; formamide; water). Current target diiodomethane is included in the original fit.,1.01,0.95,0.05,4.21,3.87,0.35
CA0490,10.3390/coatings13050928,"L2-C coated laser-textured CFRP, cleaning step 5",water,135,inferred_from_contact_angles,diiodomethane;formamide;water,yes,yes,diiodomethane;formamide,medium,Run LOO-SFE sensitivity: recompute apparent OWRK features from loo_available_liquids when predicting this target liquid.,v3.4 SFE was computed as apparent OWRK from same-surface liquids (diiodomethane; formamide; water). Current target water is included in the original fit.,24.94,12.13,12.81,5.41,5.23,0.19
CA0491,10.3390/coatings13050928,"L2-C coated laser-textured CFRP, cleaning step 5",formamide,142,inferred_from_contact_angles,diiodomethane;formamide;water,yes,yes,diiodomethane;water,medium,Run LOO-SFE sensitivity: recompute apparent OWRK features from loo_available_liquids when predicting this target liquid.,v3.4 SFE was computed as apparent OWRK from same-surface liquids (diiodomethane; formamide; water). Current target formamide is included in the original fit.,7.79,7.69,0.1,5.41,5.23,0.19
CA0492,10.3390/coatings13050928,"L2-C coated laser-textured CFRP, cleaning step 5",diiodomethane,105,inferred_from_contact_angles,diiodomethane;formamide;water,yes,yes,formamide;water,medium,Run LOO-SFE sensitivity: recompute apparent OWRK features from loo_available_liquids when predicting this target liquid.,v3.4 SFE was computed as apparent OWRK from same-surface liquids (diiodomethane; formamide; water). Current target diiodomethane is included in the original fit.,2.45,0.01,2.44,5.41,5.23,0.19
CA0493,10.3390/coatings13050928,"L3-C coated laser-textured CFRP, cleaning step 0",water,156,inferred_from_contact_angles,diiodomethane;formamide;water,yes,yes,diiodomethane;formamide,medium,Run LOO-SFE sensitivity: recompute apparent OWRK features from loo_available_liquids when predicting this target liquid.,v3.4 SFE was computed as apparent OWRK from same-surface liquids (diiodomethane; formamide; water). Current target water is included in the original fit.,0.64,0.64,0,0.75,0.74,0.01
CA0494,10.3390/coatings13050928,"L3-C coated laser-textured CFRP, cleaning step 0",formamide,145,inferred_from_contact_angles,diiodomethane;formamide;water,yes,yes,diiodomethane;water,medium,Run LOO-SFE sensitivity: recompute apparent OWRK features from loo_available_liquids when predicting this target liquid.,v3.4 SFE was computed as apparent OWRK from same-surface liquids (diiodomethane; formamide; water). Current target formamide is included in the original fit.,0.71,0.7,0.01,0.75,0.74,0.01
CA0495,10.3390/coatings13050928,"L3-C coated laser-textured CFRP, cleaning step 0",diiodomethane,141,inferred_from_contact_angles,diiodomethane;formamide;water,yes,yes,formamide;water,medium,Run LOO-SFE sensitivity: recompute apparent OWRK features from loo_available_liquids when predicting this target liquid.,v3.4 SFE was computed as apparent OWRK from same-surface liquids (diiodomethane; formamide; water). Current target diiodomethane is included in the original fit.,1,0.96,0.04,0.75,0.74,0.01
CA0496,10.3390/coatings13050928,"L3-C coated laser-textured CFRP, cleaning step 1",water,153,inferred_from_contact_angles,diiodomethane;formamide;water,yes,yes,diiodomethane;formamide,medium,Run LOO-SFE sensitivity: recompute apparent OWRK features from loo_available_liquids when predicting this target liquid.,v3.4 SFE was computed as apparent OWRK from same-surface liquids (diiodomethane; formamide; water). Current target water is included in the original fit.,2.15,1.45,0.7,0.92,0.9,0.02
CA0497,10.3390/coatings13050928,"L3-C coated laser-textured CFRP, cleaning step 1",formamide,150,inferred_from_contact_angles,diiodomethane;formamide;water,yes,yes,diiodomethane;water,medium,Run LOO-SFE sensitivity: recompute apparent OWRK features from loo_available_liquids when predicting this target liquid.,v3.4 SFE was computed as apparent OWRK from same-surface liquids (diiodomethane; formamide; water). Current target formamide is included in the original fit.,1.13,1.11,0.02,0.92,0.9,0.02
CA0498,10.3390/coatings13050928,"L3-C coated laser-textured CFRP, cleaning step 1",diiodomethane,136,inferred_from_contact_angles,diiodomethane;formamide;water,yes,yes,formamide;water,medium,Run LOO-SFE sensitivity: recompute apparent OWRK features from loo_available_liquids when predicting this target liquid.,v3.4 SFE was computed as apparent OWRK from same-surface liquids (diiodomethane; formamide; water). Current target diiodomethane is included in the original fit.,0.26,0.19,0.07,0.92,0.9,0.02
CA0499,10.3390/coatings13050928,"L3-C coated laser-textured CFRP, cleaning step 2",water,147,inferred_from_contact_angles,diiodomethane;formamide;water,yes,yes,diiodomethane;formamide,medium,Run LOO-SFE sensitivity: recompute apparent OWRK features from loo_available_liquids when predicting this target liquid.,v3.4 SFE was computed as apparent OWRK from same-surface liquids (diiodomethane; formamide; water). Current target water is included in the original fit.,1.57,1.43,0.14,1.04,1.04,0.01
CA0500,10.3390/coatings13050928,"L3-C coated laser-textured CFRP, cleaning step 2",formamide,143,inferred_from_contact_angles,diiodomethane;formamide;water,yes,yes,diiodomethane;water,medium,Run LOO-SFE sensitivity: recompute apparent OWRK features from loo_available_liquids when predicting this target liquid.,v3.4 SFE was computed as apparent OWRK from same-surface liquids (diiodomethane; formamide; water). Current target formamide is included in the original fit.,1.2,1.19,0.01,1.04,1.04,0.01
CA0501,10.3390/coatings13050928,"L3-C coated laser-textured CFRP, cleaning step 2",diiodomethane,134,inferred_from_contact_angles,diiodomethane;formamide;water,yes,yes,formamide;water,medium,Run LOO-SFE sensitivity: recompute apparent OWRK features from loo_available_liquids when predicting this target liquid.,v3.4 SFE was computed as apparent OWRK from same-surface liquids (diiodomethane; formamide; water). Current target diiodomethane is included in the original fit.,0.59,0.44,0.15,1.04,1.04,0.01
CA0502,10.3390/coatings13050928,"L3-C coated laser-textured CFRP, cleaning step 5",water,145,inferred_from_contact_angles,diiodomethane;formamide;water,yes,yes,diiodomethane;formamide,medium,Run LOO-SFE sensitivity: recompute apparent OWRK features from loo_available_liquids when predicting this target liquid.,v3.4 SFE was computed as apparent OWRK from same-surface liquids (diiodomethane; formamide; water). Current target water is included in the original fit.,19.64,11.14,8.5,8.02,6.92,1.11
CA0503,10.3390/coatings13050928,"L3-C coated laser-textured CFRP, cleaning step 5",formamide,136,inferred_from_contact_angles,diiodomethane;formamide;water,yes,yes,diiodomethane;water,medium,Run LOO-SFE sensitivity: recompute apparent OWRK features from loo_available_liquids when predicting this target liquid.,v3.4 SFE was computed as apparent OWRK from same-surface liquids (diiodomethane; formamide; water). Current target formamide is included in the original fit.,9.49,8.51,0.97,8.02,6.92,1.11
CA0504,10.3390/coatings13050928,"L3-C coated laser-textured CFRP, cleaning step 5",diiodomethane,105,inferred_from_contact_angles,diiodomethane;formamide;water,yes,yes,formamide;water,medium,Run LOO-SFE sensitivity: recompute apparent OWRK features from loo_available_liquids when predicting this target liquid.,v3.4 SFE was computed as apparent OWRK from same-surface liquids (diiodomethane; formamide; water). Current target diiodomethane is included in the original fit.,1.49,1.47,0.02,8.02,6.92,1.11
CA0505,10.3390/coatings13050928,"L4-C coated laser-textured CFRP, cleaning step 0",water,155,inferred_from_contact_angles,diiodomethane;formamide;water,yes,yes,diiodomethane;formamide,medium,Run LOO-SFE sensitivity: recompute apparent OWRK features from loo_available_liquids when predicting this target liquid.,v3.4 SFE was computed as apparent OWRK from same-surface liquids (diiodomethane; formamide; water). Current target water is included in the original fit.,1.75,0.92,0.83,2.09,2,0.08
CA0506,10.3390/coatings13050928,"L4-C coated laser-textured CFRP, cleaning step 0",formamide,131,inferred_from_contact_angles,diiodomethane;formamide;water,yes,yes,diiodomethane;water,medium,Run LOO-SFE sensitivity: recompute apparent OWRK features from loo_available_liquids when predicting this target liquid.,v3.4 SFE was computed as apparent OWRK from same-surface liquids (diiodomethane; formamide; water). Current target formamide is included in the original fit.,1.62,1.52,0.11,2.09,2,0.08
CA0507,10.3390/coatings13050928,"L4-C coated laser-textured CFRP, cleaning step 0",diiodomethane,133,inferred_from_contact_angles,diiodomethane;formamide;water,yes,yes,formamide;water,medium,Run LOO-SFE sensitivity: recompute apparent OWRK features from loo_available_liquids when predicting this target liquid.,v3.4 SFE was computed as apparent OWRK from same-surface liquids (diiodomethane; formamide; water). Current target diiodomethane is included in the original fit.,6.49,5.4,1.09,2.09,2,0.08
CA0508,10.3390/coatings13050928,"L4-C coated laser-textured CFRP, cleaning step 1",water,149,inferred_from_contact_angles,diiodomethane;formamide;water,yes,yes,diiodomethane;formamide,medium,Run LOO-SFE sensitivity: recompute apparent OWRK features from loo_available_liquids when predicting this target liquid.,v3.4 SFE was computed as apparent OWRK from same-surface liquids (diiodomethane; formamide; water). Current target water is included in the original fit.,1.43,1.23,0.19,1.69,1.69,0
CA0509,10.3390/coatings13050928,"L4-C coated laser-textured CFRP, cleaning step 1",formamide,134,inferred_from_contact_angles,diiodomethane;formamide;water,yes,yes,diiodomethane;water,medium,Run LOO-SFE sensitivity: recompute apparent OWRK features from loo_available_liquids when predicting this target liquid.,v3.4 SFE was computed as apparent OWRK from same-surface liquids (diiodomethane; formamide; water). Current target formamide is included in the original fit.,1.5,1.49,0.01,1.69,1.69,0
CA0510,10.3390/coatings13050928,"L4-C coated laser-textured CFRP, cleaning step 1",diiodomethane,132,inferred_from_contact_angles,diiodomethane;formamide;water,yes,yes,formamide;water,medium,Run LOO-SFE sensitivity: recompute apparent OWRK features from loo_available_liquids when predicting this target liquid.,v3.4 SFE was computed as apparent OWRK from same-surface liquids (diiodomethane; formamide; water). Current target diiodomethane is included in the original fit.,2.93,2.8,0.13,1.69,1.69,0
CA0511,10.3390/coatings13050928,"L4-C coated laser-textured CFRP, cleaning step 2",water,148,inferred_from_contact_angles,diiodomethane;formamide;water,yes,yes,diiodomethane;formamide,medium,Run LOO-SFE sensitivity: recompute apparent OWRK features from loo_available_liquids when predicting this target liquid.,v3.4 SFE was computed as apparent OWRK from same-surface liquids (diiodomethane; formamide; water). Current target water is included in the original fit.,2.14,1.51,0.64,2.52,2.5,0.02
CA0512,10.3390/coatings13050928,"L4-C coated laser-textured CFRP, cleaning step 2",formamide,128,inferred_from_contact_angles,diiodomethane;formamide;water,yes,yes,diiodomethane;water,medium,Run LOO-SFE sensitivity: recompute apparent OWRK features from loo_available_liquids when predicting this target liquid.,v3.4 SFE was computed as apparent OWRK from same-surface liquids (diiodomethane; formamide; water). Current target formamide is included in the original fit.,2.09,2.07,0.03,2.52,2.5,0.02
CA0513,10.3390/coatings13050928,"L4-C coated laser-textured CFRP, cleaning step 2",diiodomethane,128,inferred_from_contact_angles,diiodomethane;formamide;water,yes,yes,formamide;water,medium,Run LOO-SFE sensitivity: recompute apparent OWRK features from loo_available_liquids when predicting this target liquid.,v3.4 SFE was computed as apparent OWRK from same-surface liquids (diiodomethane; formamide; water). Current target diiodomethane is included in the original fit.,5.76,5.24,0.52,2.52,2.5,0.02
CA0514,10.3390/coatings13050928,"L4-C coated laser-textured CFRP, cleaning step 5",water,142,inferred_from_contact_angles,diiodomethane;formamide;water,yes,yes,diiodomethane;formamide,medium,Run LOO-SFE sensitivity: recompute apparent OWRK features from loo_available_liquids when predicting this target liquid.,v3.4 SFE was computed as apparent OWRK from same-surface liquids (diiodomethane; formamide; water). Current target water is included in the original fit.,9.03,7.02,2.01,5.69,5.39,0.31
CA0515,10.3390/coatings13050928,"L4-C coated laser-textured CFRP, cleaning step 5",formamide,130,inferred_from_contact_angles,diiodomethane;formamide;water,yes,yes,diiodomethane;water,medium,Run LOO-SFE sensitivity: recompute apparent OWRK features from loo_available_liquids when predicting this target liquid.,v3.4 SFE was computed as apparent OWRK from same-surface liquids (diiodomethane; formamide; water). Current target formamide is included in the original fit.,6.3,6.02,0.27,5.69,5.39,0.31
CA0516,10.3390/coatings13050928,"L4-C coated laser-textured CFRP, cleaning step 5",diiodomethane,111,inferred_from_contact_angles,diiodomethane;formamide;water,yes,yes,formamide;water,medium,Run LOO-SFE sensitivity: recompute apparent OWRK features from loo_available_liquids when predicting this target liquid.,v3.4 SFE was computed as apparent OWRK from same-surface liquids (diiodomethane; formamide; water). Current target diiodomethane is included in the original fit.,2.77,2.77,0,5.69,5.39,0.31
CA0517,10.3390/ma17215238,low-energy coating sample 2,water,125.6,inferred_from_contact_angles,diiodomethane;formamide;water,yes,yes,diiodomethane;formamide,medium,Run LOO-SFE sensitivity: recompute apparent OWRK features from loo_available_liquids when predicting this target liquid.,v3.4 SFE was computed as apparent OWRK from same-surface liquids (diiodomethane; formamide; water). Current target water is included in the original fit.,35.53,24.81,10.72,17.23,16.5,0.73
CA0518,10.3390/ma17215238,low-energy coating sample 2,formamide,114.8,inferred_from_contact_angles,diiodomethane;formamide;water,yes,yes,diiodomethane;water,medium,Run LOO-SFE sensitivity: recompute apparent OWRK features from loo_available_liquids when predicting this target liquid.,v3.4 SFE was computed as apparent OWRK from same-surface liquids (diiodomethane; formamide; water). Current target formamide is included in the original fit.,20.27,19.68,0.59,17.23,16.5,0.73
CA0519,10.3390/ma17215238,low-energy coating sample 2,diiodomethane,80.2,inferred_from_contact_angles,diiodomethane;formamide;water,yes,yes,formamide;water,medium,Run LOO-SFE sensitivity: recompute apparent OWRK features from loo_available_liquids when predicting this target liquid.,v3.4 SFE was computed as apparent OWRK from same-surface liquids (diiodomethane; formamide; water). Current target diiodomethane is included in the original fit.,5.4,4.95,0.46,17.23,16.5,0.73
CA0520,10.3390/ma17215238,low-energy coating sample 7,water,115.5,inferred_from_contact_angles,diiodomethane;formamide;water,yes,yes,diiodomethane;formamide,medium,Run LOO-SFE sensitivity: recompute apparent OWRK features from loo_available_liquids when predicting this target liquid.,v3.4 SFE was computed as apparent OWRK from same-surface liquids (diiodomethane; formamide; water). Current target water is included in the original fit.,26.17,22.29,3.87,15.67,15.67,0
CA0521,10.3390/ma17215238,low-energy coating sample 7,formamide,106.2,inferred_from_contact_angles,diiodomethane;formamide;water,yes,yes,diiodomethane;water,medium,Run LOO-SFE sensitivity: recompute apparent OWRK features from loo_available_liquids when predicting this target liquid.,v3.4 SFE was computed as apparent OWRK from same-surface liquids (diiodomethane; formamide; water). Current target formamide is included in the original fit.,18.23,18.22,0.01,15.67,15.67,0
CA0522,10.3390/ma17215238,low-energy coating sample 7,diiodomethane,79.8,inferred_from_contact_angles,diiodomethane;formamide;water,yes,yes,formamide;water,medium,Run LOO-SFE sensitivity: recompute apparent OWRK features from loo_available_liquids when predicting this target liquid.,v3.4 SFE was computed as apparent OWRK from same-surface liquids (diiodomethane; formamide; water). Current target diiodomethane is included in the original fit.,7.64,5.91,1.72,15.67,15.67,0
CA0523,10.3390/ma17215238,low-energy coating sample 14,water,116.6,inferred_from_contact_angles,diiodomethane;formamide;water,yes,yes,diiodomethane;formamide,medium,Run LOO-SFE sensitivity: recompute apparent OWRK features from loo_available_liquids when predicting this target liquid.,v3.4 SFE was computed as apparent OWRK from same-surface liquids (diiodomethane; formamide; water). Current target water is included in the original fit.,31.73,27.07,4.67,20.66,20.51,0.15
CA0524,10.3390/ma17215238,low-energy coating sample 14,formamide,101.8,inferred_from_contact_angles,diiodomethane;formamide;water,yes,yes,diiodomethane;water,medium,Run LOO-SFE sensitivity: recompute apparent OWRK features from loo_available_liquids when predicting this target liquid.,v3.4 SFE was computed as apparent OWRK from same-surface liquids (diiodomethane; formamide; water). Current target formamide is included in the original fit.,23.17,23.07,0.11,20.66,20.51,0.15
CA0525,10.3390/ma17215238,low-energy coating sample 14,diiodomethane,72.7,inferred_from_contact_angles,diiodomethane;formamide;water,yes,yes,formamide;water,medium,Run LOO-SFE sensitivity: recompute apparent OWRK features from loo_available_liquids when predicting this target liquid.,v3.4 SFE was computed as apparent OWRK from same-surface liquids (diiodomethane; formamide; water). Current target diiodomethane is included in the original fit.,10.66,10.12,0.54,20.66,20.51,0.15
CA0526,10.3390/ma17215238,OFAC reference low-energy coating,water,136.4,inferred_from_contact_angles,diiodomethane;formamide;water,yes,yes,diiodomethane;formamide,medium,Run LOO-SFE sensitivity: recompute apparent OWRK features from loo_available_liquids when predicting this target liquid.,v3.4 SFE was computed as apparent OWRK from same-surface liquids (diiodomethane; formamide; water). Current target water is included in the original fit.,28.04,16.22,11.82,10.39,9.49,0.9
CA0527,10.3390/ma17215238,OFAC reference low-energy coating,formamide,130.5,inferred_from_contact_angles,diiodomethane;formamide;water,yes,yes,diiodomethane;water,medium,Run LOO-SFE sensitivity: recompute apparent OWRK features from loo_available_liquids when predicting this target liquid.,v3.4 SFE was computed as apparent OWRK from same-surface liquids (diiodomethane; formamide; water). Current target formamide is included in the original fit.,12.75,12.01,0.74,10.39,9.49,0.9
CA0528,10.3390/ma17215238,OFAC reference low-energy coating,diiodomethane,95.8,inferred_from_contact_angles,diiodomethane;formamide;water,yes,yes,formamide;water,medium,Run LOO-SFE sensitivity: recompute apparent OWRK features from loo_available_liquids when predicting this target liquid.,v3.4 SFE was computed as apparent OWRK from same-surface liquids (diiodomethane; formamide; water). Current target diiodomethane is included in the original fit.,1.81,1.41,0.39,10.39,9.49,0.9
CA0529,10.3390/ma19030529,CS chitosan-dialdehyde film,water,73.7,inferred_from_contact_angles,diiodomethane;water,yes,no,diiodomethane,high,"Do not use current apparent-SFE features as strong external validation evidence for this target; add another probe liquid, use independent SFE, or evaluate with SFE features ablated.",v3.4 SFE was computed as apparent OWRK from same-surface liquids (diiodomethane; water). Current target water is included in the original fit.,,,,39.91,31.86,8.05
CA0530,10.3390/ma19030529,CS chitosan-dialdehyde film,diiodomethane,44.2,inferred_from_contact_angles,diiodomethane;water,yes,no,water,high,"Do not use current apparent-SFE features as strong external validation evidence for this target; add another probe liquid, use independent SFE, or evaluate with SFE features ablated.",v3.4 SFE was computed as apparent OWRK from same-surface liquids (diiodomethane; water). Current target diiodomethane is included in the original fit.,,,,39.91,31.86,8.05
CA0531,10.3390/ma19030529,CSDA chitosan-dialdehyde film,water,88.7,inferred_from_contact_angles,diiodomethane;water,yes,no,diiodomethane,high,"Do not use current apparent-SFE features as strong external validation evidence for this target; add another probe liquid, use independent SFE, or evaluate with SFE features ablated.",v3.4 SFE was computed as apparent OWRK from same-surface liquids (diiodomethane; water). Current target water is included in the original fit.,,,,32.29,29.54,2.75
CA0532,10.3390/ma19030529,CSDA chitosan-dialdehyde film,diiodomethane,53.9,inferred_from_contact_angles,diiodomethane;water,yes,no,water,high,"Do not use current apparent-SFE features as strong external validation evidence for this target; add another probe liquid, use independent SFE, or evaluate with SFE features ablated.",v3.4 SFE was computed as apparent OWRK from same-surface liquids (diiodomethane; water). Current target diiodomethane is included in the original fit.,,,,32.29,29.54,2.75
CA0533,10.3390/ma19030529,CSDA/GE chitosan-dialdehyde film,water,99.2,inferred_from_contact_angles,diiodomethane;water,yes,no,diiodomethane,high,"Do not use current apparent-SFE features as strong external validation evidence for this target; add another probe liquid, use independent SFE, or evaluate with SFE features ablated.",v3.4 SFE was computed as apparent OWRK from same-surface liquids (diiodomethane; water). Current target water is included in the original fit.,,,,25.02,23.83,1.19
CA0534,10.3390/ma19030529,CSDA/GE chitosan-dialdehyde film,diiodomethane,66.2,inferred_from_contact_angles,diiodomethane;water,yes,no,water,high,"Do not use current apparent-SFE features as strong external validation evidence for this target; add another probe liquid, use independent SFE, or evaluate with SFE features ablated.",v3.4 SFE was computed as apparent OWRK from same-surface liquids (diiodomethane; water). Current target diiodomethane is included in the original fit.,,,,25.02,23.83,1.19
CA0535,10.3390/ma19030529,CSDA/PH chitosan-dialdehyde film,water,105.8,inferred_from_contact_angles,diiodomethane;water,yes,no,diiodomethane,high,"Do not use current apparent-SFE features as strong external validation evidence for this target; add another probe liquid, use independent SFE, or evaluate with SFE features ablated.",v3.4 SFE was computed as apparent OWRK from same-surface liquids (diiodomethane; water). Current target water is included in the original fit.,,,,21.39,20.87,0.52
CA0536,10.3390/ma19030529,CSDA/PH chitosan-dialdehyde film,diiodomethane,72.8,inferred_from_contact_angles,diiodomethane;water,yes,no,water,high,"Do not use current apparent-SFE features as strong external validation evidence for this target; add another probe liquid, use independent SFE, or evaluate with SFE features ablated.",v3.4 SFE was computed as apparent OWRK from same-surface liquids (diiodomethane; water). Current target diiodomethane is included in the original fit.,,,,21.39,20.87,0.52
CA0537,10.3390/ma19030529,CSDA/BE chitosan-dialdehyde film,water,112.6,inferred_from_contact_angles,diiodomethane;water,yes,no,diiodomethane,high,"Do not use current apparent-SFE features as strong external validation evidence for this target; add another probe liquid, use independent SFE, or evaluate with SFE features ablated.",v3.4 SFE was computed as apparent OWRK from same-surface liquids (diiodomethane; water). Current target water is included in the original fit.,,,,18.69,18.58,0.1
CA0538,10.3390/ma19030529,CSDA/BE chitosan-dialdehyde film,diiodomethane,78.4,inferred_from_contact_angles,diiodomethane;water,yes,no,water,high,"Do not use current apparent-SFE features as strong external validation evidence for this target; add another probe liquid, use independent SFE, or evaluate with SFE features ablated.",v3.4 SFE was computed as apparent OWRK from same-surface liquids (diiodomethane; water). Current target diiodomethane is included in the original fit.,,,,18.69,18.58,0.1
CA0539,10.3390/ma19030529,CSDA/GM chitosan-dialdehyde film,water,115.4,inferred_from_contact_angles,diiodomethane;water,yes,no,diiodomethane,high,"Do not use current apparent-SFE features as strong external validation evidence for this target; add another probe liquid, use independent SFE, or evaluate with SFE features ablated.",v3.4 SFE was computed as apparent OWRK from same-surface liquids (diiodomethane; water). Current target water is included in the original fit.,,,,16.33,16.26,0.08
CA0540,10.3390/ma19030529,CSDA/GM chitosan-dialdehyde film,diiodomethane,83,inferred_from_contact_angles,diiodomethane;water,yes,no,water,high,"Do not use current apparent-SFE features as strong external validation evidence for this target; add another probe liquid, use independent SFE, or evaluate with SFE features ablated.",v3.4 SFE was computed as apparent OWRK from same-surface liquids (diiodomethane; water). Current target diiodomethane is included in the original fit.,,,,16.33,16.26,0.08
CA0541,10.3390/ma19030529,CSDA/PG chitosan-dialdehyde film,water,118,inferred_from_contact_angles,diiodomethane;water,yes,no,diiodomethane,high,"Do not use current apparent-SFE features as strong external validation evidence for this target; add another probe liquid, use independent SFE, or evaluate with SFE features ablated.",v3.4 SFE was computed as apparent OWRK from same-surface liquids (diiodomethane; water). Current target water is included in the original fit.,,,,14.14,14.07,0.06
CA0542,10.3390/ma19030529,CSDA/PG chitosan-dialdehyde film,diiodomethane,87.5,inferred_from_contact_angles,diiodomethane;water,yes,no,water,high,"Do not use current apparent-SFE features as strong external validation evidence for this target; add another probe liquid, use independent SFE, or evaluate with SFE features ablated.",v3.4 SFE was computed as apparent OWRK from same-surface liquids (diiodomethane; water). Current target diiodomethane is included in the original fit.,,,,14.14,14.07,0.06
CA0543,10.3390/ma19030529,CSDA/LA chitosan-dialdehyde film,water,120.5,inferred_from_contact_angles,diiodomethane;water,yes,no,diiodomethane,high,"Do not use current apparent-SFE features as strong external validation evidence for this target; add another probe liquid, use independent SFE, or evaluate with SFE features ablated.",v3.4 SFE was computed as apparent OWRK from same-surface liquids (diiodomethane; water). Current target water is included in the original fit.,,,,12.48,12.43,0.04
CA0544,10.3390/ma19030529,CSDA/LA chitosan-dialdehyde film,diiodomethane,91.2,inferred_from_contact_angles,diiodomethane;water,yes,no,water,high,"Do not use current apparent-SFE features as strong external validation evidence for this target; add another probe liquid, use independent SFE, or evaluate with SFE features ablated.",v3.4 SFE was computed as apparent OWRK from same-surface liquids (diiodomethane; water). Current target diiodomethane is included in the original fit.,,,,12.48,12.43,0.04
CA0545,10.1038/s41598-025-25325-5,PMMA,water,76.4,inferred_from_contact_angles,diiodomethane;water,yes,no,diiodomethane,high,"Do not use current apparent-SFE features as strong external validation evidence for this target; add another probe liquid, use independent SFE, or evaluate with SFE features ablated.",v3.4 SFE was computed as apparent OWRK from same-surface liquids (diiodomethane; water). Current target water is included in the original fit.,,,,38.74,31.99,6.75
CA0546,10.1038/s41598-025-25325-5,PMMA,diiodomethane,45.1,inferred_from_contact_angles,diiodomethane;water,yes,no,water,high,"Do not use current apparent-SFE features as strong external validation evidence for this target; add another probe liquid, use independent SFE, or evaluate with SFE features ablated.",v3.4 SFE was computed as apparent OWRK from same-surface liquids (diiodomethane; water). Current target diiodomethane is included in the original fit.,,,,38.74,31.99,6.75
CA0547,10.1038/s41598-025-25325-5,SG3 laser-textured PMMA,water,73.5,inferred_from_contact_angles,diiodomethane;water,yes,no,diiodomethane,high,"Do not use current apparent-SFE features as strong external validation evidence for this target; add another probe liquid, use independent SFE, or evaluate with SFE features ablated.",v3.4 SFE was computed as apparent OWRK from same-surface liquids (diiodomethane; water). Current target water is included in the original fit.,,,,41.14,33.53,7.61
CA0548,10.1038/s41598-025-25325-5,SG3 laser-textured PMMA,diiodomethane,41.2,inferred_from_contact_angles,diiodomethane;water,yes,no,water,high,"Do not use current apparent-SFE features as strong external validation evidence for this target; add another probe liquid, use independent SFE, or evaluate with SFE features ablated.",v3.4 SFE was computed as apparent OWRK from same-surface liquids (diiodomethane; water). Current target diiodomethane is included in the original fit.,,,,41.14,33.53,7.61
CA0549,10.1038/s41598-025-25325-5,SG9.5 laser-textured PMMA,water,51.3,inferred_from_contact_angles,diiodomethane;water,yes,no,diiodomethane,high,"Do not use current apparent-SFE features as strong external validation evidence for this target; add another probe liquid, use independent SFE, or evaluate with SFE features ablated.",v3.4 SFE was computed as apparent OWRK from same-surface liquids (diiodomethane; water). Current target water is included in the original fit.,,,,51.37,28.25,23.13
CA0550,10.1038/s41598-025-25325-5,SG9.5 laser-textured PMMA,diiodomethane,41.9,inferred_from_contact_angles,diiodomethane;water,yes,no,water,high,"Do not use current apparent-SFE features as strong external validation evidence for this target; add another probe liquid, use independent SFE, or evaluate with SFE features ablated.",v3.4 SFE was computed as apparent OWRK from same-surface liquids (diiodomethane; water). Current target diiodomethane is included in the original fit.,,,,51.37,28.25,23.13
CA0551,10.1038/s41598-025-25325-5,SG3/GO coated PMMA,water,68.9,inferred_from_contact_angles,diiodomethane;water,yes,no,diiodomethane,high,"Do not use current apparent-SFE features as strong external validation evidence for this target; add another probe liquid, use independent SFE, or evaluate with SFE features ablated.",v3.4 SFE was computed as apparent OWRK from same-surface liquids (diiodomethane; water). Current target water is included in the original fit.,,,,39.6,27.19,12.41
CA0552,10.1038/s41598-025-25325-5,SG3/GO coated PMMA,diiodomethane,50.2,inferred_from_contact_angles,diiodomethane;water,yes,no,water,high,"Do not use current apparent-SFE features as strong external validation evidence for this target; add another probe liquid, use independent SFE, or evaluate with SFE features ablated.",v3.4 SFE was computed as apparent OWRK from same-surface liquids (diiodomethane; water). Current target diiodomethane is included in the original fit.,,,,39.6,27.19,12.41
CA0553,10.1038/s41598-025-25325-5,SG3/CBD coated PMMA,water,0,inferred_from_contact_angles,diiodomethane;water,yes,no,diiodomethane,high,"Do not use current apparent-SFE features as strong external validation evidence for this target; add another probe liquid, use independent SFE, or evaluate with SFE features ablated.",v3.4 SFE was computed as apparent OWRK from same-surface liquids (diiodomethane; water). Current target water is included in the original fit.,,,,73.13,26.54,46.59
CA0554,10.1038/s41598-025-25325-5,SG3/CBD coated PMMA,diiodomethane,34.9,inferred_from_contact_angles,diiodomethane;water,yes,no,water,high,"Do not use current apparent-SFE features as strong external validation evidence for this target; add another probe liquid, use independent SFE, or evaluate with SFE features ablated.",v3.4 SFE was computed as apparent OWRK from same-surface liquids (diiodomethane; water). Current target diiodomethane is included in the original fit.,,,,73.13,26.54,46.59
CA0555,10.3390/polym17020208,Unmodified nonwoven PET membrane,water,110.9,inferred_from_contact_angles,diiodomethane;water,yes,no,diiodomethane,high,"Do not use current apparent-SFE features as strong external validation evidence for this target; add another probe liquid, use independent SFE, or evaluate with SFE features ablated.",v3.4 SFE was computed as apparent OWRK from same-surface liquids (diiodomethane; water). Current target water is included in the original fit.,,,,12.83,11.75,1.08
CA0556,10.3390/polym17020208,Unmodified nonwoven PET membrane,diiodomethane,89.9,inferred_from_contact_angles,diiodomethane;water,yes,no,water,high,"Do not use current apparent-SFE features as strong external validation evidence for this target; add another probe liquid, use independent SFE, or evaluate with SFE features ablated.",v3.4 SFE was computed as apparent OWRK from same-surface liquids (diiodomethane; water). Current target diiodomethane is included in the original fit.,,,,12.83,11.75,1.08
CA0557,10.3390/polym17020208,M-Poly-Ph modified nonwoven PET membrane,water,126.9,inferred_from_contact_angles,diiodomethane;water,yes,no,diiodomethane,high,"Do not use current apparent-SFE features as strong external validation evidence for this target; add another probe liquid, use independent SFE, or evaluate with SFE features ablated.",v3.4 SFE was computed as apparent OWRK from same-surface liquids (diiodomethane; water). Current target water is included in the original fit.,,,,7.69,7.64,0.05
CA0558,10.3390/polym17020208,M-Poly-Ph modified nonwoven PET membrane,diiodomethane,103.2,inferred_from_contact_angles,diiodomethane;water,yes,no,water,high,"Do not use current apparent-SFE features as strong external validation evidence for this target; add another probe liquid, use independent SFE, or evaluate with SFE features ablated.",v3.4 SFE was computed as apparent OWRK from same-surface liquids (diiodomethane; water). Current target diiodomethane is included in the original fit.,,,,7.69,7.64,0.05
CA0559,10.3390/polym17020208,M-Poly-PyB modified nonwoven PET membrane,water,120.3,inferred_from_contact_angles,diiodomethane;water,yes,no,diiodomethane,high,"Do not use current apparent-SFE features as strong external validation evidence for this target; add another probe liquid, use independent SFE, or evaluate with SFE features ablated.",v3.4 SFE was computed as apparent OWRK from same-surface liquids (diiodomethane; water). Current target water is included in the original fit.,,,,6.84,5.98,0.86
CA0560,10.3390/polym17020208,M-Poly-PyB modified nonwoven PET membrane,diiodomethane,105.9,inferred_from_contact_angles,diiodomethane;water,yes,no,water,high,"Do not use current apparent-SFE features as strong external validation evidence for this target; add another probe liquid, use independent SFE, or evaluate with SFE features ablated.",v3.4 SFE was computed as apparent OWRK from same-surface liquids (diiodomethane; water). Current target diiodomethane is included in the original fit.,,,,6.84,5.98,0.86
CA0561,10.3390/polym17020208,M-Poly-PyM modified nonwoven PET membrane,water,105.7,inferred_from_contact_angles,diiodomethane;water,yes,no,diiodomethane,high,"Do not use current apparent-SFE features as strong external validation evidence for this target; add another probe liquid, use independent SFE, or evaluate with SFE features ablated.",v3.4 SFE was computed as apparent OWRK from same-surface liquids (diiodomethane; water). Current target water is included in the original fit.,,,,11.3,7.66,3.64
CA0562,10.3390/polym17020208,M-Poly-PyM modified nonwoven PET membrane,diiodomethane,97.3,inferred_from_contact_angles,diiodomethane;water,yes,no,water,high,"Do not use current apparent-SFE features as strong external validation evidence for this target; add another probe liquid, use independent SFE, or evaluate with SFE features ablated.",v3.4 SFE was computed as apparent OWRK from same-surface liquids (diiodomethane; water). Current target diiodomethane is included in the original fit.,,,,11.3,7.66,3.64
CA0563,10.3390/polym13244289,PTFE control substrate,water,118.1,inferred_from_contact_angles,diiodomethane;formamide;water,yes,yes,diiodomethane;formamide,medium,Run LOO-SFE sensitivity: recompute apparent OWRK features from loo_available_liquids when predicting this target liquid.,v3.4 SFE was computed as apparent OWRK from same-surface liquids (diiodomethane; formamide; water). Current target water is included in the original fit.,22.02,22.02,0,23.41,23.25,0.17
CA0564,10.3390/polym13244289,PTFE control substrate,formamide,90,inferred_from_contact_angles,diiodomethane;formamide;water,yes,yes,diiodomethane;water,medium,Run LOO-SFE sensitivity: recompute apparent OWRK features from loo_available_liquids when predicting this target liquid.,v3.4 SFE was computed as apparent OWRK from same-surface liquids (diiodomethane; formamide; water). Current target formamide is included in the original fit.,22.92,22.74,0.18,23.41,23.25,0.17
CA0565,10.3390/polym13244289,PTFE control substrate,diiodomethane,73.6,inferred_from_contact_angles,diiodomethane;formamide;water,yes,yes,formamide;water,medium,Run LOO-SFE sensitivity: recompute apparent OWRK features from loo_available_liquids when predicting this target liquid.,v3.4 SFE was computed as apparent OWRK from same-surface liquids (diiodomethane; formamide; water). Current target diiodomethane is included in the original fit.,26.2,25.81,0.39,23.41,23.25,0.17
CA0566,10.3390/polym13244289,Glass control substrate,water,24.6,inferred_from_contact_angles,diiodomethane;formamide;water,yes,yes,diiodomethane;formamide,medium,Run LOO-SFE sensitivity: recompute apparent OWRK features from loo_available_liquids when predicting this target liquid.,v3.4 SFE was computed as apparent OWRK from same-surface liquids (diiodomethane; formamide; water). Current target water is included in the original fit.,69.38,16.73,52.65,66.88,17.44,49.45
CA0567,10.3390/polym13244289,Glass control substrate,formamide,13.7,inferred_from_contact_angles,diiodomethane;formamide;water,yes,yes,diiodomethane;water,medium,Run LOO-SFE sensitivity: recompute apparent OWRK features from loo_available_liquids when predicting this target liquid.,v3.4 SFE was computed as apparent OWRK from same-surface liquids (diiodomethane; formamide; water). Current target formamide is included in the original fit.,66.48,17.15,49.33,66.88,17.44,49.45
CA0568,10.3390/polym13244289,Glass control substrate,diiodomethane,56.3,inferred_from_contact_angles,diiodomethane;formamide;water,yes,yes,formamide;water,medium,Run LOO-SFE sensitivity: recompute apparent OWRK features from loo_available_liquids when predicting this target liquid.,v3.4 SFE was computed as apparent OWRK from same-surface liquids (diiodomethane; formamide; water). Current target diiodomethane is included in the original fit.,66.36,18.89,47.47,66.88,17.44,49.45
CA0569,10.3390/polym13244289,PLA-C adsorption layer on PTFE,water,78.5,inferred_from_contact_angles,diiodomethane;formamide;water,yes,yes,diiodomethane;formamide,medium,Run LOO-SFE sensitivity: recompute apparent OWRK features from loo_available_liquids when predicting this target liquid.,v3.4 SFE was computed as apparent OWRK from same-surface liquids (diiodomethane; formamide; water). Current target water is included in the original fit.,39.64,29.18,10.46,38.52,32.28,6.24
CA0570,10.3390/polym13244289,PLA-C adsorption layer on PTFE,formamide,49.5,inferred_from_contact_angles,diiodomethane;formamide;water,yes,yes,diiodomethane;water,medium,Run LOO-SFE sensitivity: recompute apparent OWRK features from loo_available_liquids when predicting this target liquid.,v3.4 SFE was computed as apparent OWRK from same-surface liquids (diiodomethane; formamide; water). Current target formamide is included in the original fit.,37.12,31,6.11,38.52,32.28,6.24
CA0571,10.3390/polym13244289,PLA-C adsorption layer on PTFE,diiodomethane,47.6,inferred_from_contact_angles,diiodomethane;formamide;water,yes,yes,formamide;water,medium,Run LOO-SFE sensitivity: recompute apparent OWRK features from loo_available_liquids when predicting this target liquid.,v3.4 SFE was computed as apparent OWRK from same-surface liquids (diiodomethane; formamide; water). Current target diiodomethane is included in the original fit.,43.08,38.94,4.13,38.52,32.28,6.24
CA0572,10.3390/polym13244289,PLA-C adsorption layer on silicone,water,73.7,inferred_from_contact_angles,diiodomethane;formamide;water,yes,yes,diiodomethane;formamide,medium,Run LOO-SFE sensitivity: recompute apparent OWRK features from loo_available_liquids when predicting this target liquid.,v3.4 SFE was computed as apparent OWRK from same-surface liquids (diiodomethane; formamide; water). Current target water is included in the original fit.,30.55,23.24,7.31,32.53,20.55,11.97
CA0573,10.3390/polym13244289,PLA-C adsorption layer on silicone,formamide,63.6,inferred_from_contact_angles,diiodomethane;formamide;water,yes,yes,diiodomethane;water,medium,Run LOO-SFE sensitivity: recompute apparent OWRK features from loo_available_liquids when predicting this target liquid.,v3.4 SFE was computed as apparent OWRK from same-surface liquids (diiodomethane; formamide; water). Current target formamide is included in the original fit.,33.79,21.63,12.16,32.53,20.55,11.97
CA0574,10.3390/polym13244289,PLA-C adsorption layer on silicone,diiodomethane,61.1,inferred_from_contact_angles,diiodomethane;formamide;water,yes,yes,formamide;water,medium,Run LOO-SFE sensitivity: recompute apparent OWRK features from loo_available_liquids when predicting this target liquid.,v3.4 SFE was computed as apparent OWRK from same-surface liquids (diiodomethane; formamide; water). Current target diiodomethane is included in the original fit.,31.19,15.67,15.52,32.53,20.55,11.97
CA0575,10.1208/s12248-008-9057-0,Ankit microcrystalline cellulose powder column,water,36.2,inferred_from_contact_angles,diiodomethane;ethylene glycol;water,yes,yes,diiodomethane;ethylene glycol,medium,Run LOO-SFE sensitivity: recompute apparent OWRK features from loo_available_liquids when predicting this target liquid.,v3.4 SFE was computed as apparent OWRK from same-surface liquids (diiodomethane; ethylene glycol; water). Current target water is included in the original fit.,42.48,33.27,9.2,54.74,23.36,31.37
CA0576,10.1208/s12248-008-9057-0,Ankit microcrystalline cellulose powder column,ethylene glycol,32.3,inferred_from_contact_angles,diiodomethane;ethylene glycol;water,yes,yes,diiodomethane;water,medium,Run LOO-SFE sensitivity: recompute apparent OWRK features from loo_available_liquids when predicting this target liquid.,v3.4 SFE was computed as apparent OWRK from same-surface liquids (diiodomethane; ethylene glycol; water). Current target ethylene glycol is included in the original fit.,60.68,26.6,34.08,54.74,23.36,31.37
CA0577,10.1208/s12248-008-9057-0,Ankit microcrystalline cellulose powder column,diiodomethane,40.3,inferred_from_contact_angles,diiodomethane;ethylene glycol;water,yes,yes,ethylene glycol;water,medium,Run LOO-SFE sensitivity: recompute apparent OWRK features from loo_available_liquids when predicting this target liquid.,v3.4 SFE was computed as apparent OWRK from same-surface liquids (diiodomethane; ethylene glycol; water). Current target diiodomethane is included in the original fit.,68.97,2.67,66.3,54.74,23.36,31.37
CA0578,10.1208/s12248-008-9057-0,Emcocel 90M microcrystalline cellulose powder column,water,30,inferred_from_contact_angles,diiodomethane;ethylene glycol;water,yes,yes,diiodomethane;ethylene glycol,medium,Run LOO-SFE sensitivity: recompute apparent OWRK features from loo_available_liquids when predicting this target liquid.,v3.4 SFE was computed as apparent OWRK from same-surface liquids (diiodomethane; ethylene glycol; water). Current target water is included in the original fit.,45.5,36.9,8.61,58.29,25.62,32.67
CA0579,10.1208/s12248-008-9057-0,Emcocel 90M microcrystalline cellulose powder column,ethylene glycol,26.4,inferred_from_contact_angles,diiodomethane;ethylene glycol;water,yes,yes,diiodomethane;water,medium,Run LOO-SFE sensitivity: recompute apparent OWRK features from loo_available_liquids when predicting this target liquid.,v3.4 SFE was computed as apparent OWRK from same-surface liquids (diiodomethane; ethylene glycol; water). Current target ethylene glycol is included in the original fit.,64.97,29.29,35.67,58.29,25.62,32.67
CA0580,10.1208/s12248-008-9057-0,Emcocel 90M microcrystalline cellulose powder column,diiodomethane,32.8,inferred_from_contact_angles,diiodomethane;ethylene glycol;water,yes,yes,ethylene glycol;water,medium,Run LOO-SFE sensitivity: recompute apparent OWRK features from loo_available_liquids when predicting this target liquid.,v3.4 SFE was computed as apparent OWRK from same-surface liquids (diiodomethane; ethylene glycol; water). Current target diiodomethane is included in the original fit.,74.27,2.54,71.73,58.29,25.62,32.67
CA0581,10.1073/pnas.0403269102,Staphylococcus epidermidis microbial lawn,water,58.3,inferred_from_contact_angles,diiodomethane;formamide;water,yes,yes,diiodomethane;formamide,medium,Run LOO-SFE sensitivity: recompute apparent OWRK features from loo_available_liquids when predicting this target liquid.,v3.4 SFE was computed as apparent OWRK from same-surface liquids (diiodomethane; formamide; water). Current target water is included in the original fit.,48.32,25.97,22.35,46.65,27.22,19.43
CA0582,10.1073/pnas.0403269102,Staphylococcus epidermidis microbial lawn,formamide,36.1,inferred_from_contact_angles,diiodomethane;formamide;water,yes,yes,diiodomethane;water,medium,Run LOO-SFE sensitivity: recompute apparent OWRK features from loo_available_liquids when predicting this target liquid.,v3.4 SFE was computed as apparent OWRK from same-surface liquids (diiodomethane; formamide; water). Current target formamide is included in the original fit.,46.04,26.71,19.33,46.65,27.22,19.43
CA0583,10.1073/pnas.0403269102,Staphylococcus epidermidis microbial lawn,diiodomethane,47.2,inferred_from_contact_angles,diiodomethane;formamide;water,yes,yes,formamide;water,medium,Run LOO-SFE sensitivity: recompute apparent OWRK features from loo_available_liquids when predicting this target liquid.,v3.4 SFE was computed as apparent OWRK from same-surface liquids (diiodomethane; formamide; water). Current target diiodomethane is included in the original fit.,47.5,29.82,17.68,46.65,27.22,19.43
CA0584,10.1073/pnas.0403269102,Pseudomonas aeruginosa microbial lawn,water,83.8,inferred_from_contact_angles,diiodomethane;formamide;water,yes,yes,diiodomethane;formamide,medium,Run LOO-SFE sensitivity: recompute apparent OWRK features from loo_available_liquids when predicting this target liquid.,v3.4 SFE was computed as apparent OWRK from same-surface liquids (diiodomethane; formamide; water). Current target water is included in the original fit.,36.86,33.61,3.25,36.82,33.34,3.47
CA0585,10.1073/pnas.0403269102,Pseudomonas aeruginosa microbial lawn,formamide,58.7,inferred_from_contact_angles,diiodomethane;formamide;water,yes,yes,diiodomethane;water,medium,Run LOO-SFE sensitivity: recompute apparent OWRK features from loo_available_liquids when predicting this target liquid.,v3.4 SFE was computed as apparent OWRK from same-surface liquids (diiodomethane; formamide; water). Current target formamide is included in the original fit.,36.93,33.45,3.48,36.82,33.34,3.47
CA0586,10.1073/pnas.0403269102,Pseudomonas aeruginosa microbial lawn,diiodomethane,45.8,inferred_from_contact_angles,diiodomethane;formamide;water,yes,yes,formamide;water,medium,Run LOO-SFE sensitivity: recompute apparent OWRK features from loo_available_liquids when predicting this target liquid.,v3.4 SFE was computed as apparent OWRK from same-surface liquids (diiodomethane; formamide; water). Current target diiodomethane is included in the original fit.,36.43,32.82,3.62,36.82,33.34,3.47
CA0587,10.3762/bjnano.6.212,smooth PIndole film,water,79.9,inferred_from_contact_angles,diiodomethane;hexadecane;water,yes,yes,diiodomethane;hexadecane,medium,Run LOO-SFE sensitivity: recompute apparent OWRK features from loo_available_liquids when predicting this target liquid.,v3.4 SFE was computed as apparent OWRK from same-surface liquids (diiodomethane; hexadecane; water). Current target water is included in the original fit.,43.7,27.5,16.2,35.73,29.7,6.03
CA0588,10.3762/bjnano.6.212,smooth PIndole film,diiodomethane,47.3,inferred_from_contact_angles,diiodomethane;hexadecane;water,yes,yes,hexadecane;water,medium,Run LOO-SFE sensitivity: recompute apparent OWRK features from loo_available_liquids when predicting this target liquid.,v3.4 SFE was computed as apparent OWRK from same-surface liquids (diiodomethane; hexadecane; water). Current target diiodomethane is included in the original fit.,34.07,27.5,6.57,35.73,29.7,6.03
CA0589,10.3762/bjnano.6.212,smooth PIndole film,hexadecane,0,inferred_from_contact_angles,diiodomethane;hexadecane;water,yes,yes,diiodomethane;water,medium,Run LOO-SFE sensitivity: recompute apparent OWRK features from loo_available_liquids when predicting this target liquid.,v3.4 SFE was computed as apparent OWRK from same-surface liquids (diiodomethane; hexadecane; water). Current target hexadecane is included in the original fit.,36.91,31.53,5.38,35.73,29.7,6.03
CA0590,10.3762/bjnano.6.212,smooth PIndole-4-F6 film,water,97.5,inferred_from_contact_angles,diiodomethane;hexadecane;water,yes,yes,diiodomethane;hexadecane,medium,Run LOO-SFE sensitivity: recompute apparent OWRK features from loo_available_liquids when predicting this target liquid.,v3.4 SFE was computed as apparent OWRK from same-surface liquids (diiodomethane; hexadecane; water). Current target water is included in the original fit.,43.54,24.87,18.67,30.37,29.48,0.89
CA0591,10.3762/bjnano.6.212,smooth PIndole-4-F6 film,diiodomethane,51.3,inferred_from_contact_angles,diiodomethane;hexadecane;water,yes,yes,hexadecane;water,medium,Run LOO-SFE sensitivity: recompute apparent OWRK features from loo_available_liquids when predicting this target liquid.,v3.4 SFE was computed as apparent OWRK from same-surface liquids (diiodomethane; hexadecane; water). Current target diiodomethane is included in the original fit.,26.24,24.87,1.37,30.37,29.48,0.89
CA0592,10.3762/bjnano.6.212,smooth PIndole-4-F6 film,hexadecane,25.6,inferred_from_contact_angles,diiodomethane;hexadecane;water,yes,yes,diiodomethane;water,medium,Run LOO-SFE sensitivity: recompute apparent OWRK features from loo_available_liquids when predicting this target liquid.,v3.4 SFE was computed as apparent OWRK from same-surface liquids (diiodomethane; hexadecane; water). Current target hexadecane is included in the original fit.,33.9,33.48,0.42,30.37,29.48,0.89
CA0593,10.3762/bjnano.6.212,smooth PIndole-4-F4 film,water,78.7,inferred_from_contact_angles,diiodomethane;hexadecane;water,yes,yes,diiodomethane;hexadecane,medium,Run LOO-SFE sensitivity: recompute apparent OWRK features from loo_available_liquids when predicting this target liquid.,v3.4 SFE was computed as apparent OWRK from same-surface liquids (diiodomethane; hexadecane; water). Current target water is included in the original fit.,67.01,27.5,39.51,38.88,33.1,5.78
CA0594,10.3762/bjnano.6.212,smooth PIndole-4-F4 film,diiodomethane,35.6,inferred_from_contact_angles,diiodomethane;hexadecane;water,yes,yes,hexadecane;water,medium,Run LOO-SFE sensitivity: recompute apparent OWRK features from loo_available_liquids when predicting this target liquid.,v3.4 SFE was computed as apparent OWRK from same-surface liquids (diiodomethane; hexadecane; water). Current target diiodomethane is included in the original fit.,34.61,27.5,7.11,38.88,33.1,5.78
CA0595,10.3762/bjnano.6.212,smooth PIndole-4-F4 film,hexadecane,0,inferred_from_contact_angles,diiodomethane;hexadecane;water,yes,yes,diiodomethane;water,medium,Run LOO-SFE sensitivity: recompute apparent OWRK features from loo_available_liquids when predicting this target liquid.,v3.4 SFE was computed as apparent OWRK from same-surface liquids (diiodomethane; hexadecane; water). Current target hexadecane is included in the original fit.,42.25,37.98,4.27,38.88,33.1,5.78
CA0596,10.3762/bjnano.6.212,smooth PIndole-5-F6 film,water,96.8,inferred_from_contact_angles,diiodomethane;hexadecane;water,yes,yes,diiodomethane;hexadecane,medium,Run LOO-SFE sensitivity: recompute apparent OWRK features from loo_available_liquids when predicting this target liquid.,v3.4 SFE was computed as apparent OWRK from same-surface liquids (diiodomethane; hexadecane; water). Current target water is included in the original fit.,34.11,22.01,12.11,26.43,24.8,1.63
CA0597,10.3762/bjnano.6.212,smooth PIndole-5-F6 film,diiodomethane,60.4,inferred_from_contact_angles,diiodomethane;hexadecane;water,yes,yes,hexadecane;water,medium,Run LOO-SFE sensitivity: recompute apparent OWRK features from loo_available_liquids when predicting this target liquid.,v3.4 SFE was computed as apparent OWRK from same-surface liquids (diiodomethane; hexadecane; water). Current target diiodomethane is included in the original fit.,24.04,22.01,2.04,26.43,24.8,1.63
CA0598,10.3762/bjnano.6.212,smooth PIndole-5-F6 film,hexadecane,37.9,inferred_from_contact_angles,diiodomethane;hexadecane;water,yes,yes,diiodomethane;water,medium,Run LOO-SFE sensitivity: recompute apparent OWRK features from loo_available_liquids when predicting this target liquid.,v3.4 SFE was computed as apparent OWRK from same-surface liquids (diiodomethane; hexadecane; water). Current target hexadecane is included in the original fit.,28.35,27.17,1.18,26.43,24.8,1.63
CA0599,10.3762/bjnano.6.212,smooth PIndole-5-F4 film,water,81.4,inferred_from_contact_angles,diiodomethane;hexadecane;water,yes,yes,diiodomethane;hexadecane,medium,Run LOO-SFE sensitivity: recompute apparent OWRK features from loo_available_liquids when predicting this target liquid.,v3.4 SFE was computed as apparent OWRK from same-surface liquids (diiodomethane; hexadecane; water). Current target water is included in the original fit.,48.03,27.5,20.53,35.87,30.68,5.19
CA0600,10.3762/bjnano.6.212,smooth PIndole-5-F4 film,diiodomethane,44.9,inferred_from_contact_angles,diiodomethane;hexadecane;water,yes,yes,hexadecane;water,medium,Run LOO-SFE sensitivity: recompute apparent OWRK features from loo_available_liquids when predicting this target liquid.,v3.4 SFE was computed as apparent OWRK from same-surface liquids (diiodomethane; hexadecane; water). Current target diiodomethane is included in the original fit.,33.41,27.5,5.91,35.87,30.68,5.19
CA0601,10.3762/bjnano.6.212,smooth PIndole-5-F4 film,hexadecane,0,inferred_from_contact_angles,diiodomethane;hexadecane;water,yes,yes,diiodomethane;water,medium,Run LOO-SFE sensitivity: recompute apparent OWRK features from loo_available_liquids when predicting this target liquid.,v3.4 SFE was computed as apparent OWRK from same-surface liquids (diiodomethane; hexadecane; water). Current target hexadecane is included in the original fit.,37.71,33.38,4.33,35.87,30.68,5.19
CA0602,10.3762/bjnano.6.212,smooth PIndole-6-F6 film,water,99.4,inferred_from_contact_angles,diiodomethane;hexadecane;water,yes,yes,diiodomethane;hexadecane,medium,Run LOO-SFE sensitivity: recompute apparent OWRK features from loo_available_liquids when predicting this target liquid.,v3.4 SFE was computed as apparent OWRK from same-surface liquids (diiodomethane; hexadecane; water). Current target water is included in the original fit.,27.37,20.29,7.07,23.52,22.03,1.49
CA0603,10.3762/bjnano.6.212,smooth PIndole-6-F6 film,diiodomethane,66.8,inferred_from_contact_angles,diiodomethane;hexadecane;water,yes,yes,hexadecane;water,medium,Run LOO-SFE sensitivity: recompute apparent OWRK features from loo_available_liquids when predicting this target liquid.,v3.4 SFE was computed as apparent OWRK from same-surface liquids (diiodomethane; hexadecane; water). Current target diiodomethane is included in the original fit.,22.04,20.29,1.74,23.52,22.03,1.49
CA0604,10.3762/bjnano.6.212,smooth PIndole-6-F6 film,hexadecane,44.1,inferred_from_contact_angles,diiodomethane;hexadecane;water,yes,yes,diiodomethane;water,medium,Run LOO-SFE sensitivity: recompute apparent OWRK features from loo_available_liquids when predicting this target liquid.,v3.4 SFE was computed as apparent OWRK from same-surface liquids (diiodomethane; hexadecane; water). Current target hexadecane is included in the original fit.,24.68,23.48,1.2,23.52,22.03,1.49
CA0605,10.3762/bjnano.6.212,smooth PIndole-6-F4 film,water,81.1,inferred_from_contact_angles,diiodomethane;hexadecane;water,yes,yes,diiodomethane;hexadecane,medium,Run LOO-SFE sensitivity: recompute apparent OWRK features from loo_available_liquids when predicting this target liquid.,v3.4 SFE was computed as apparent OWRK from same-surface liquids (diiodomethane; hexadecane; water). Current target water is included in the original fit.,46.55,27.5,19.05,35.76,30.39,5.37
CA0606,10.3762/bjnano.6.212,smooth PIndole-6-F4 film,diiodomethane,45.7,inferred_from_contact_angles,diiodomethane;hexadecane;water,yes,yes,hexadecane;water,medium,Run LOO-SFE sensitivity: recompute apparent OWRK features from loo_available_liquids when predicting this target liquid.,v3.4 SFE was computed as apparent OWRK from same-surface liquids (diiodomethane; hexadecane; water). Current target diiodomethane is included in the original fit.,33.54,27.5,6.04,35.76,30.39,5.37
CA0607,10.3762/bjnano.6.212,smooth PIndole-6-F4 film,hexadecane,0,inferred_from_contact_angles,diiodomethane;hexadecane;water,yes,yes,diiodomethane;water,medium,Run LOO-SFE sensitivity: recompute apparent OWRK features from loo_available_liquids when predicting this target liquid.,v3.4 SFE was computed as apparent OWRK from same-surface liquids (diiodomethane; hexadecane; water). Current target hexadecane is included in the original fit.,37.4,32.81,4.58,35.76,30.39,5.37
CA0608,10.3390/polym12091856,PLA film before composting,water,61.3,inferred_from_contact_angles,diiodomethane;ethylene glycol;water,yes,yes,diiodomethane;ethylene glycol,medium,Run LOO-SFE sensitivity: recompute apparent OWRK features from loo_available_liquids when predicting this target liquid.,v3.4 SFE was computed as apparent OWRK from same-surface liquids (diiodomethane; ethylene glycol; water). Current target water is included in the original fit.,41.4,38.27,3.13,43.49,30.4,13.08
CA0609,10.3390/polym12091856,PLA film before composting,diiodomethane,36.7,inferred_from_contact_angles,diiodomethane;ethylene glycol;water,yes,yes,ethylene glycol;water,medium,Run LOO-SFE sensitivity: recompute apparent OWRK features from loo_available_liquids when predicting this target liquid.,v3.4 SFE was computed as apparent OWRK from same-surface liquids (diiodomethane; ethylene glycol; water). Current target diiodomethane is included in the original fit.,39.96,10.32,29.65,43.49,30.4,13.08
CA0610,10.3390/polym12091856,PLA film before composting,ethylene glycol,44.8,inferred_from_contact_angles,diiodomethane;ethylene glycol;water,yes,yes,diiodomethane;water,medium,Run LOO-SFE sensitivity: recompute apparent OWRK features from loo_available_liquids when predicting this target liquid.,v3.4 SFE was computed as apparent OWRK from same-surface liquids (diiodomethane; ethylene glycol; water). Current target ethylene glycol is included in the original fit.,47.37,33.02,14.35,43.49,30.4,13.08
CA0611,10.3390/polym12091856,PLA/Morin film before composting,water,83.2,inferred_from_contact_angles,diiodomethane;ethylene glycol;water,yes,yes,diiodomethane;ethylene glycol,medium,Run LOO-SFE sensitivity: recompute apparent OWRK features from loo_available_liquids when predicting this target liquid.,v3.4 SFE was computed as apparent OWRK from same-surface liquids (diiodomethane; ethylene glycol; water). Current target water is included in the original fit.,32.81,30.43,2.38,32.66,28.11,4.54
CA0612,10.3390/polym12091856,PLA/Morin film before composting,diiodomethane,52.8,inferred_from_contact_angles,diiodomethane;ethylene glycol;water,yes,yes,ethylene glycol;water,medium,Run LOO-SFE sensitivity: recompute apparent OWRK features from loo_available_liquids when predicting this target liquid.,v3.4 SFE was computed as apparent OWRK from same-surface liquids (diiodomethane; ethylene glycol; water). Current target diiodomethane is included in the original fit.,28.24,20.88,7.36,32.66,28.11,4.54
CA0613,10.3390/polym12091856,PLA/Morin film before composting,ethylene glycol,58.8,inferred_from_contact_angles,diiodomethane;ethylene glycol;water,yes,yes,diiodomethane;water,medium,Run LOO-SFE sensitivity: recompute apparent OWRK features from loo_available_liquids when predicting this target liquid.,v3.4 SFE was computed as apparent OWRK from same-surface liquids (diiodomethane; ethylene glycol; water). Current target ethylene glycol is included in the original fit.,33.68,28.91,4.78,32.66,28.11,4.54
CA0614,10.3390/polym12091856,PHA film before composting,water,70,inferred_from_contact_angles,diiodomethane;ethylene glycol;water,yes,yes,diiodomethane;ethylene glycol,medium,Run LOO-SFE sensitivity: recompute apparent OWRK features from loo_available_liquids when predicting this target liquid.,v3.4 SFE was computed as apparent OWRK from same-surface liquids (diiodomethane; ethylene glycol; water). Current target water is included in the original fit.,37.69,28.3,9.39,38.52,27.08,11.44
CA0615,10.3390/polym12091856,PHA film before composting,diiodomethane,50.1,inferred_from_contact_angles,diiodomethane;ethylene glycol;water,yes,yes,ethylene glycol;water,medium,Run LOO-SFE sensitivity: recompute apparent OWRK features from loo_available_liquids when predicting this target liquid.,v3.4 SFE was computed as apparent OWRK from same-surface liquids (diiodomethane; ethylene glycol; water). Current target diiodomethane is included in the original fit.,36.78,23.1,13.67,38.52,27.08,11.44
CA0616,10.3390/polym12091856,PHA film before composting,ethylene glycol,41.4,inferred_from_contact_angles,diiodomethane;ethylene glycol;water,yes,yes,diiodomethane;water,medium,Run LOO-SFE sensitivity: recompute apparent OWRK features from loo_available_liquids when predicting this target liquid.,v3.4 SFE was computed as apparent OWRK from same-surface liquids (diiodomethane; ethylene glycol; water). Current target ethylene glycol is included in the original fit.,39.14,27.5,11.64,38.52,27.08,11.44